Date,DTB3,GS10,GS10_DTB3,BAA_AAA,ln(Gold),ln(GSCI),ln(SP500)
2/1/1970,6.85,7.24,0.39,0.85,3.5553,4.6479,1.962857237
3/1/1970,6.38,7.07,0.69,0.79,3.5639,4.651,1.981426327
4/1/1970,6.93,7.39,0.46,0.87,3.5793,4.6302,1.979471494
5/1/1970,6.93,7.91,0.98,0.87,3.5695,4.5995,1.939310735
6/1/1970,6.49,7.84,1.35,0.77,3.5698,4.6591,1.94957406
7/1/1970,6.38,7.46,1.08,0.96,3.5636,4.6067,1.963201632
8/1/1970,6.33,7.53,1.2,1.31,3.5774,4.6563,1.988175734
9/1/1970,5.84,7.39,1.55,1.3,3.5902,4.6602,2.025192146
10/1/1970,5.84,7.33,1.49,1.3,3.6217,4.6528,2.045931873
11/1/1970,5.04,6.84,1.8,1.33,3.627,4.6476,2.056790949
12/1/1970,4.85,6.39,1.54,1.48,3.6211,4.6531,2.096048305
1/1/1971,4.15,6.24,2.09,1.38,3.6376,4.7022,2.122414246
2/1/1971,3.4,6.11,2.71,1.31,3.6582,4.687,2.148571102
3/1/1971,3.64,5.7,2.06,1.25,3.6584,4.6819,2.168932609
4/1/1971,3.93,5.83,1.9,1.2,3.6788,4.6768,2.192538708
5/1/1971,4.34,6.39,2.05,1.09,3.7087,4.6816,2.195691876
6/1/1971,5.22,6.52,1.3,1.11,3.6939,4.6649,2.196769286
7/1/1971,5.31,6.73,1.42,1.12,3.749,4.6547,2.202844868
8/1/1971,4.44,6.58,2.14,1.17,3.7136,4.6486,2.204409659
9/1/1971,4.6,6.14,1.54,1.15,3.749,4.6403,2.223095216
10/1/1971,4.31,5.93,1.62,1.09,3.7471,4.6825,2.223074863
11/1/1971,4.34,5.81,1.47,1.12,3.7739,4.6848,2.212184971
12/1/1971,3.68,5.93,2.25,1.13,3.7728,4.7179,2.250151538
1/1/1972,3.35,5.95,2.6,1.04,3.8491,4.7275,2.276554307
2/1/1972,3.46,6.08,2.62,0.96,3.8795,4.7146,2.292956303
3/1/1972,3.83,6.07,2.24,1,3.8791,4.712,2.311427879
4/1/1972,3.63,6.19,2.56,0.94,3.902,4.7271,2.324010291
5/1/1972,3.81,6.13,2.32,0.93,4.0826,4.7313,2.327829319
6/1/1972,4.06,6.11,2.05,0.97,4.1604,4.7526,2.337227435
7/1/1972,3.8,6.11,2.31,1.02,4.2327,4.7121,2.342218883
8/1/1972,4.55,6.21,1.66,1,4.2017,4.7752,2.365278428
9/1/1972,4.55,6.55,2,0.87,4.1604,4.8603,2.367008723
10/1/1972,4.76,6.48,1.72,0.85,4.1656,4.8466,2.375845716
11/1/1972,4.88,6.28,1.4,0.87,4.1526,4.9182,2.404812325
12/1/1972,5.14,6.36,1.22,0.85,4.1698,4.9914,2.421358836
1/1/1973,5.68,6.46,0.78,0.75,4.1897,5.0151,2.432197735
2/1/1973,5.85,6.64,0.79,0.75,4.4462,5.0347,2.424273621
3/1/1973,6.4,6.71,0.31,0.74,4.5026,5.0045,2.425202624
4/1/1973,6.23,6.67,0.44,0.83,4.5076,5.0364,2.424975207
5/1/1973,6.92,6.85,-0.07,0.77,4.7406,5.1931,2.420772668
6/1/1973,7.52,6.9,-0.62,0.76,4.8162,5.1108,2.419289439
7/1/1973,8.32,7.13,-1.19,0.79,4.7467,5.3434,2.431709746
8/1/1973,8.66,7.4,-1.26,0.85,4.6444,5.3385,2.431769457
9/1/1973,6.98,7.09,0.11,1,4.6077,5.2888,2.447466665
10/1/1973,7.36,6.79,-0.57,0.81,4.5773,5.2276,2.472342141
11/1/1973,7.3,6.73,-0.57,0.75,4.6077,5.2936,2.44891591
12/1/1973,7.46,6.74,-0.72,0.8,4.7207,5.3878,2.426294954
1/1/1974,7.48,6.99,-0.49,0.65,4.8922,5.4979,2.441457933
2/1/1974,7.46,6.96,-0.5,0.68,5.1329,5.4662,2.438572344
3/1/1974,8.28,7.21,-1.07,0.61,5.1533,5.3608,2.465597025
4/1/1974,8.9,7.51,-1.39,0.62,5.1269,5.3231,2.452167818
5/1/1974,8.08,7.58,-0.5,0.68,5.0531,5.2524,2.448439827
6/1/1974,7.34,7.54,0.2,0.8,4.9887,5.3305,2.458563391
7/1/1974,7.67,7.81,0.14,0.76,5.037,5.5347,2.415455883
8/1/1974,8.93,8.04,-0.89,0.77,5.045,5.4821,2.408325027
9/1/1974,6.12,8.04,1.92,0.94,4.9938,5.5506,2.373066662
10/1/1974,7.8,7.9,0.1,1.21,5.1144,5.6315,2.393513481
11/1/1974,7.47,7.68,0.21,1.71,5.204,5.6678,2.419314566
12/1/1974,7.06,7.43,0.37,1.74,5.2338,5.5761,2.402447223
1/1/1975,5.68,7.5,1.82,1.98,5.1719,5.4067,2.44808807
2/1/1975,5.4,7.39,1.99,2.03,5.2095,5.2904,2.501415533
3/1/1975,5.53,7.73,2.2,1.81,5.1902,5.3713,2.530889643
4/1/1975,5.5,8.23,2.73,1.63,5.1168,5.2996,2.545590588
5/1/1975,5.2,8.06,2.86,1.79,5.1299,5.2428,2.581583849
6/1/1975,5.86,7.86,2,1.85,5.1228,5.2361,2.601522769
7/1/1975,6.25,8.06,1.81,1.71,5.1556,5.2592,2.610830224
8/1/1975,6.36,8.4,2.04,1.64,5.0925,5.353,2.587329251
9/1/1975,6.58,8.43,1.85,1.66,4.9572,5.3528,2.591653188
10/1/1975,5.51,8.14,2.63,1.76,4.9614,5.2646,2.620342544
11/1/1975,5.54,8.05,2.51,1.78,4.933,5.2426,2.636529648
12/1/1975,5.2,8,2.8,1.77,4.9488,5.212,2.6388463
1/1/1976,4.73,7.74,3.01,1.81,4.8598,5.1279,2.685284207
2/1/1976,5,7.79,2.79,1.69,4.8873,5.1866,2.709631043
3/1/1976,4.97,7.73,2.76,1.6,4.8652,5.217,2.719631944
4/1/1976,4.91,7.56,2.65,1.54,4.859,5.2575,2.730862742
5/1/1976,5.49,7.9,2.41,1.28,4.8465,5.276,2.735723826
6/1/1976,5.37,7.86,2.49,1.27,4.8195,5.2441,2.746107155
7/1/1976,5.17,7.83,2.66,1.26,4.738,5.1483,2.763885019
8/1/1976,5.09,7.77,2.68,1.19,4.6367,5.1208,2.767861944
9/1/1976,5.06,7.59,2.53,1.02,4.7545,5.0185,2.784631047
10/1/1976,4.89,7.41,2.52,0.97,4.8187,5.0027,2.777530504
11/1/1976,4.42,7.29,2.87,0.98,4.8873,5.0174,2.78269072
12/1/1976,4.34,6.87,2.53,1.14,4.9104,5.0632,2.805444112
1/1/1977,4.72,7.21,2.49,1.12,4.8978,5.0468,2.809801192
2/1/1977,4.7,7.39,2.69,1.08,4.974,5.0495,2.806263466
3/1/1977,4.54,7.46,2.92,1.02,5.0173,5.1079,2.812948184
4/1/1977,4.69,7.37,2.68,1.03,4.9972,5.162,2.814786027
5/1/1977,5.03,7.46,2.43,0.96,4.9719,5.1238,2.822189651
6/1/1977,4.98,7.28,2.3,0.96,4.967,5.0704,2.833200723
7/1/1977,5.4,7.33,1.93,0.93,4.9911,4.9318,2.84582033
8/1/1977,5.56,7.4,1.84,0.84,4.9979,4.9486,2.844005539
9/1/1977,5.89,7.34,1.45,0.88,5.0524,4.9819,2.846339668
10/1/1977,6.18,7.52,1.34,0.85,5.0919,5.0054,2.844421081
11/1/1977,6.04,7.58,1.54,0.87,5.0894,5.0255,2.856399108
12/1/1977,6.13,7.69,1.56,0.8,5.121,5.071,2.863889403
1/1/1978,6.42,7.96,1.54,0.76,5.1868,5.0696,2.85705944
2/1/1978,6.42,8.03,1.61,0.73,5.2171,5.089,2.861092104
3/1/1978,6.47,8.04,1.57,0.75,5.2268,5.1911,2.870527693
4/1/1978,6.35,8.15,1.8,0.76,5.1393,5.2104,2.898934449
5/1/1978,6.65,8.35,1.7,0.8,5.2311,5.2755,2.929718438
6/1/1978,7.01,8.46,1.45,0.84,5.2133,5.1631,2.940084828
7/1/1978,6.76,8.64,1.88,0.72,5.3462,5.1689,2.947285347
8/1/1978,7.54,8.41,0.87,0.79,5.35,5.1918,2.985005011
9/1/1978,7.98,8.42,0.44,0.73,5.3977,5.2555,2.993728848
10/1/1978,8.75,8.64,-0.11,0.7,5.4836,5.2586,2.988667963
11/1/1978,9.01,8.81,-0.2,0.8,5.2802,5.2814,2.971962572
12/1/1978,9.26,9.01,-0.25,0.78,5.4337,5.2631,2.987684587
1/1/1979,9.29,9.1,-0.19,0.88,5.4664,5.3194,3.012667129
2/1/1979,9.45,9.1,-0.35,0.82,5.533,5.3691,3.015290366
3/1/1979,9.44,9.12,-0.32,0.89,5.4963,5.3439,3.03241437
4/1/1979,9.56,9.18,-0.38,0.95,5.5183,5.3935,3.049745531
5/1/1979,9.57,9.25,-0.32,0.97,5.6387,5.3281,3.048456969
6/1/1979,8.95,8.91,-0.04,1.09,5.6483,5.3282,3.065672271
7/1/1979,9.18,8.95,-0.23,1.09,5.6947,5.2598,3.078554031
8/1/1979,9.81,9.03,-0.78,1.12,5.789,5.3649,3.106253423
9/1/1979,10.12,9.33,-0.79,1.1,6.0027,5.4137,3.119250453
10/1/1979,12.12,10.3,-1.82,1.27,5.9551,5.3719,3.111029456
11/1/1979,11.49,10.65,-0.84,1.23,6.0649,5.4644,3.116241683
12/1/1979,12.04,10.39,-1.65,1.32,6.2934,5.4715,3.141291499
1/1/1980,12,10.8,-1.2,1.33,6.5568,5.5249,3.161543874
2/1/1980,14.01,12.41,-1.6,1.19,6.4615,5.5128,3.186040814
3/1/1980,14.24,12.75,-1.49,1.49,6.2519,5.3763,3.152466224
4/1/1980,10.39,11.47,1.08,2.15,6.2285,5.414,3.153774226
5/1/1980,7.75,10.18,2.43,2.18,6.319,5.4719,3.181191233
6/1/1980,7.88,9.78,1.9,2.13,6.4831,5.5375,3.215696013
7/1/1980,8.62,10.25,1.63,1.58,6.4646,5.5672,3.242231847
8/1/1980,9.96,11.1,1.14,1.51,6.4862,5.5832,3.262489681
9/1/1980,11.44,11.51,0.07,1.68,6.5345,5.6515,3.279786904
10/1/1980,12.71,11.75,-0.96,1.92,6.4646,5.6734,3.298957094
11/1/1980,14.48,12.68,-1.8,1.67,6.4685,5.6835,3.323287175
12/1/1980,14.3,12.84,-1.46,1.93,6.3961,5.5936,3.322625488
1/1/1981,14.59,12.57,-2.02,2.22,6.2393,5.5302,3.327446487
2/1/1981,14.22,13.19,-1.03,2.02,6.1872,5.5021,3.318814279
3/1/1981,12.46,13.12,0.66,2.01,6.2644,5.5176,3.341167223
4/1/1981,14.86,13.68,-1.18,1.68,6.1924,5.5006,3.351413266
5/1/1981,15.1,14.1,-1,1.63,6.1995,5.4957,3.349066907
6/1/1981,14.28,13.47,-0.81,2.05,6.0603,5.4278,3.357459128
7/1/1981,14.87,14.28,-0.59,1.79,6.0478,5.4406,3.353374088
8/1/1981,15.52,14.94,-0.58,1.45,6.0947,5.4075,3.361570518
9/1/1981,14.34,15.32,0.98,1.43,6.0936,5.4071,3.329063959
10/1/1981,12.75,15.15,2.4,1.71,6.0666,5.3997,3.341585565
11/1/1981,10.37,13.39,3.02,2.17,6.0242,5.3726,3.359569918
12/1/1981,11.08,13.72,2.64,2.32,5.9984,5.3065,3.36959424
1/1/1982,12.52,14.59,2.07,1.92,5.9708,5.364,3.353413446
2/1/1982,12.44,14.43,1.99,1.91,5.8985,5.3415,3.350348047
3/1/1982,13.26,13.86,0.6,2.24,5.8117,5.3741,3.343797475
4/1/1982,12.34,13.87,1.53,2.32,5.8479,5.4084,3.372192475
5/1/1982,11.5,13.62,2.12,2.38,5.7961,5.3829,3.379878143
6/1/1982,12.76,14.3,1.54,2.11,5.7614,5.345,3.361825336
7/1/1982,10.17,13.95,3.78,2.19,5.8735,5.3334,3.368326164
8/1/1982,8.42,13.06,4.64,2.61,6.0367,5.3338,3.377184028
9/1/1982,7.62,12.34,4.72,2.69,6.0034,5.2953,3.431637305
10/1/1982,7.9,10.91,3.01,2.61,6.0474,5.2843,3.473062144
11/1/1982,8.28,10.55,2.27,2.62,6.107,5.3233,3.496492463
12/1/1982,7.92,10.54,2.62,2.31,6.1159,5.3056,3.50664305
1/1/1983,8.1,10.46,2.36,2.15,6.2504,5.2936,3.527522345
2/1/1983,7.93,10.72,2.79,1.94,6.049,5.2733,3.540763655
3/1/1983,8.64,10.51,1.87,1.88,6.045,5.3356,3.561194819
4/1/1983,8.08,10.4,2.32,1.78,6.0719,5.3432,3.582833158
5/1/1983,8.63,10.38,1.75,1.63,6.0367,5.3323,3.605242845
6/1/1983,8.79,10.85,2.06,1.63,6.0367,5.3348,3.616341917
7/1/1983,9.22,11.38,2.16,1.24,6.0577,5.346,3.622935666
8/1/1983,9.26,11.85,2.59,1.13,6.0516,5.3668,3.615976803
9/1/1983,8.71,11.65,2.94,1.18,6.0108,5.3422,3.633640463
10/1/1983,8.51,11.54,3.03,1.21,5.937,5.3277,3.639942277
11/1/1983,8.88,11.69,2.81,1.2,6.0137,5.3371,3.638511111
12/1/1983,8.97,11.83,2.86,1.18,5.961,5.3759,3.641535939
1/1/1984,8.89,11.67,2.78,1.45,5.9381,5.3544,3.651850689
2/1/1984,9.14,11.84,2.7,1.51,5.9887,5.3343,3.632776776
3/1/1984,9.72,12.32,2.6,1.42,5.9771,5.3807,3.638411984
4/1/1984,9.72,12.63,2.91,1.5,5.9391,5.3505,3.644322062
5/1/1984,9.75,13.41,3.66,1.46,5.9753,5.3683,3.646966719
6/1/1984,9.92,13.56,3.64,1.5,5.9299,5.3375,3.642698917
7/1/1984,10.4,13.36,2.96,1.71,5.8588,5.252,3.642606222
8/1/1984,10.63,12.72,2.09,1.76,5.8805,5.2915,3.68440642
9/1/1984,10.22,12.52,2.3,1.69,5.8616,5.2941,3.693976399
10/1/1984,9.01,12.16,3.15,1.31,5.8171,5.295,3.695726115
11/1/1984,8.44,11.57,3.13,1.19,5.8096,5.3013,3.704811232
12/1/1984,7.85,11.5,3.65,1.27,5.7356,5.2757,3.705325569
1/1/1985,8.05,11.38,3.33,1.18,5.7281,5.2667,3.728721271
2/1/1985,8.5,11.51,3.01,1.1,5.6654,5.2377,3.756433632
3/1/1985,8.18,11.86,3.68,1.13,5.8114,5.2881,3.757657585
4/1/1985,7.85,11.43,3.58,1.28,5.7573,5.2334,3.765355196
5/1/1985,7.14,10.85,3.71,1.43,5.7668,5.2344,3.780264313
6/1/1985,6.83,10.16,3.33,1.46,5.7611,5.1932,3.794153538
7/1/1985,7.28,10.31,3.03,1.46,5.8147,5.1566,3.806871977
8/1/1985,7.14,10.33,3.19,1.45,5.8284,5.1734,3.801922665
9/1/1985,7.04,10.37,3.33,1.41,5.7903,5.2394,3.796869321
10/1/1985,7.19,10.24,3.05,1.34,5.789,5.3034,3.80647988
11/1/1985,7.16,9.78,2.62,1.44,5.7909,5.3061,3.836484355
12/1/1985,7.05,9.26,2.21,1.42,5.8024,5.2783,3.861724908
1/1/1986,6.97,9.19,2.22,1.39,5.8662,5.1587,3.86780622
2/1/1986,7.02,8.7,1.68,1.44,5.8319,5.0933,3.894579528
3/1/1986,6.34,7.78,1.44,1.5,5.8135,5.0754,3.923223794
4/1/1986,6.1,7.3,1.2,1.4,5.8525,5.0968,3.937511114
5/1/1986,6.3,7.71,1.41,1.2,5.8496,5.0376,3.942176317
6/1/1986,5.96,7.8,1.84,1.21,5.8513,5.0268,3.95802766
7/1/1986,5.79,7.3,1.51,1.28,5.9127,5.013,3.952642105
8/1/1986,5.17,7.17,2,1.46,5.9746,5.0996,3.964913968
9/1/1986,5.2,7.45,2.25,1.31,6.0633,5.0642,3.956656446
10/1/1986,5.2,7.43,2.23,1.38,6.0051,5.0767,3.958816148
11/1/1986,5.39,7.25,1.86,1.39,5.9784,5.08,3.976366886
12/1/1986,5.67,7.11,1.44,1.48,6.0086,5.0706,3.986165154
1/1/1987,5.6,7.08,1.48,1.36,6.0135,5.1093,4.016498903
2/1/1987,5.45,7.25,1.8,1.27,6.0098,5.0394,4.04583207
3/1/1987,5.61,7.25,1.64,1.25,6.0467,5.1037,4.066480223
4/1/1987,5.53,8.02,2.49,1.19,6.1236,5.1369,4.064816362
5/1/1987,5.68,8.61,2.93,1.18,6.1225,5.1497,4.067642859
6/1/1987,5.73,8.4,2.67,1.2,6.1141,5.1692,4.08874828
7/1/1987,6.07,8.45,2.38,1.19,6.1635,5.1807,4.104041137
8/1/1987,6.25,8.76,2.51,1.13,6.1284,5.158,4.1330264
9/1/1987,6.61,9.42,2.81,1.13,6.1286,5.1568,4.12154127
10/1/1987,5.27,9.52,4.25,1.1,6.1553,5.1605,4.068884963
11/1/1987,5.21,8.86,3.65,1.22,6.209,5.1454,4.014324627
12/1/1987,5.68,8.99,3.31,1.18,6.1922,5.1019,4.011000743
1/1/1988,5.64,8.67,3.03,1.19,6.128,5.1158,4.031481996
2/1/1988,5.62,8.21,2.59,1.22,6.0682,5.0986,4.048054132
3/1/1988,5.71,8.37,2.66,1.18,6.1267,5.1428,4.064150437
4/1/1988,5.98,8.72,2.74,1.23,6.115,5.1648,4.062605905
5/1/1988,6.43,9.09,2.66,1.14,6.1308,5.1817,4.055387803
6/1/1988,6.56,8.92,2.36,1.14,6.0815,5.1432,4.082957042
7/1/1988,6.95,9.06,2.11,1.15,6.1032,5.1326,4.083907885
8/1/1988,7.3,9.26,1.96,1.1,6.0865,5.1213,4.078715945
9/1/1988,7.25,8.98,1.73,1.08,5.9895,5.0887,4.089299618
10/1/1988,7.36,8.8,1.44,0.9,6.0285,5.1179,4.107731244
11/1/1988,7.83,8.96,1.13,1.03,6.0629,5.1591,4.101165699
12/1/1988,8.1,9.11,1.01,1.08,6.0218,5.2172,4.113426337
1/1/1989,8.39,9.09,0.7,1.03,5.9809,5.202,4.130615314
2/1/1989,8.71,9.17,0.46,0.97,5.9672,5.2278,4.146853282
3/1/1989,8.9,9.36,0.46,0.87,5.9661,5.2863,4.148307026
4/1/1989,8.41,9.18,0.77,0.82,5.9415,5.2863,4.16559755
5/1/1989,8.61,8.86,0.25,0.89,5.904,5.2393,4.185120485
6/1/1989,7.99,8.28,0.29,0.93,5.933,5.2432,4.201591575
7/1/1989,7.8,8.02,0.22,0.94,5.9367,5.1905,4.215507262
8/1/1989,7.89,8.11,0.22,0.92,5.901,5.2147,4.237280481
9/1/1989,7.91,8.19,0.28,0.9,5.9189,5.2638,4.241144155
10/1/1989,7.77,8.01,0.24,0.89,5.9338,5.246,4.244259973
11/1/1989,7.59,7.87,0.28,0.92,6.0343,5.2578,4.238246677
12/1/1989,7.55,7.84,0.29,0.96,6.0044,5.3339,4.251880646
1/1/1990,7.74,8.21,0.47,0.95,6.035,5.2925,4.244102211
2/1/1990,7.77,8.47,0.7,0.92,6.0135,5.2778,4.234975629
3/1/1990,7.8,8.59,0.79,0.84,5.9269,5.2913,4.248517728
4/1/1990,7.79,8.79,1,0.84,5.9173,5.2675,4.25132877
5/1/1990,7.75,8.76,1.01,0.94,5.9097,5.246,4.269644539
6/1/1990,7.74,8.48,0.74,0.96,5.8858,5.2159,4.285049504
7/1/1990,7.49,8.47,0.98,0.96,5.9381,5.2822,4.287634437
8/1/1990,7.39,8.75,1.36,1,5.9641,5.4181,4.254066632
9/1/1990,7.14,8.89,1.75,1.08,6.0115,5.5991,4.23685684
10/1/1990,7.11,8.72,1.61,1.21,5.9436,5.5189,4.228803329
11/1/1990,7.02,8.39,1.37,1.32,5.9551,5.4276,4.243645637
12/1/1990,6.44,8.08,1.64,1.38,5.9819,5.3935,4.265122081
1/1/1991,6.19,8.09,1.9,1.41,5.9094,5.2702,4.264132712
2/1/1991,6.04,7.85,1.81,1.24,5.9108,5.2535,4.313613657
3/1/1991,5.74,8.11,2.37,1.16,5.8844,5.2685,4.328375666
4/1/1991,5.51,8.04,2.53,1.08,5.8797,5.2781,4.339780269
5/1/1991,5.53,8.07,2.54,1,5.8993,5.2621,4.34070609
6/1/1991,5.54,8.28,2.74,0.95,5.9135,5.2228,4.343905564
7/1/1991,5.53,8.27,2.74,0.89,5.9157,5.2569,4.348973405
8/1/1991,5.33,7.9,2.57,0.9,5.8662,5.2608,4.3621042
9/1/1991,5.11,7.65,2.54,0.9,5.8786,5.2675,4.362438211
10/1/1991,4.82,7.53,2.71,0.94,5.8847,5.291,4.364865944
11/1/1991,4.35,7.42,3.07,0.97,5.9165,5.2476,4.366566551
12/1/1991,3.88,7.09,3.21,0.95,5.869,5.1757,4.372224594
1/1/1992,3.84,7.03,3.19,0.93,5.883,5.2059,4.404575154
2/1/1992,3.93,7.34,3.41,0.94,5.8696,5.2028,4.403482355
3/1/1992,4.05,7.54,3.49,0.9,5.845,5.2189,4.400598914
4/1/1992,3.7,7.48,3.78,0.88,5.8227,5.2477,4.403273438
5/1/1992,3.7,7.39,3.69,0.85,5.8242,5.2628,4.413661895
6/1/1992,3.57,7.26,3.69,0.83,5.8418,5.2517,4.409362842
7/1/1992,3.18,6.84,3.66,0.77,5.89,5.2295,4.419075463
8/1/1992,3.16,6.59,3.43,0.7,5.8444,5.2279,4.424618272
9/1/1992,2.69,6.42,3.73,0.7,5.8562,5.2314,4.427725416
10/1/1992,2.96,6.59,3.63,0.85,5.8292,5.2062,4.424035514
11/1/1992,3.27,6.87,3.6,0.86,5.8156,5.1935,4.437281844
12/1/1992,3.08,6.77,3.69,0.83,5.8084,5.1985,4.452657675
1/1/1993,2.9,6.6,3.7,0.76,5.8012,5.2114,4.454667822
2/1/1993,2.95,6.26,3.31,0.68,5.7964,5.2284,4.463458202
3/1/1993,2.89,5.98,3.09,0.57,5.8269,5.2479,4.474032965
4/1/1993,2.91,5.97,3.06,0.68,5.8783,5.2347,4.469516626
5/1/1993,3.06,6.04,2.98,0.78,5.941,5.1997,4.473994569
6/1/1993,3.03,5.96,2.93,0.74,5.9381,5.1703,4.479067486
7/1/1993,3.03,5.81,2.78,0.76,6.0193,5.1594,4.48066519
8/1/1993,3.01,5.68,2.67,0.75,5.9288,5.1696,4.489559299
9/1/1993,2.92,5.36,2.44,0.68,5.878,5.1782,4.496691663
10/1/1993,3.03,5.33,2.3,0.64,5.9124,5.1441,4.503320732
11/1/1993,3.14,5.72,2.58,0.73,5.9186,5.1063,4.504625484
12/1/1993,3.01,5.77,2.76,0.76,5.971,5.0971,4.509727133
1/1/1994,2.96,5.75,2.79,0.73,5.9496,5.1781,4.518448182
2/1/1994,3.36,5.97,2.61,0.68,5.9467,5.143,4.519366635
3/1/1994,3.48,6.48,3,0.65,5.9771,5.1381,4.514403432
4/1/1994,3.87,6.97,3.1,0.64,5.9344,5.1622,4.500934349
5/1/1994,4.16,7.18,3.02,0.63,5.9661,5.1748,4.506811059
6/1/1994,4.15,7.1,2.95,0.68,5.9592,5.1934,4.512887259
7/1/1994,4.27,7.3,3.03,0.69,5.9641,5.2069,4.511923683
8/1/1994,4.56,7.24,2.68,0.67,5.9682,5.1373,4.526360704
9/1/1994,4.67,7.46,2.79,0.64,5.9854,5.1441,4.531138208
10/1/1994,5.03,7.74,2.71,0.63,5.953,5.1876,4.530468922
11/1/1994,5.56,7.96,2.4,0.64,5.9519,5.1657,4.530134736
12/1/1994,5.53,7.81,2.28,0.64,5.9517,5.1972,4.526954928
1/1/1995,5.83,7.78,1.95,0.62,5.9341,5.1705,4.538728623
2/1/1995,5.76,7.47,1.71,0.59,5.9357,5.1768,4.556209818
3/1/1995,5.7,7.2,1.5,0.58,5.9771,5.1877,4.568348048
4/1/1995,5.69,7.06,1.37,0.57,5.9623,5.2129,4.58323271
5/1/1995,5.63,6.63,1,0.55,5.96,5.1974,4.598639408
6/1/1995,5.44,6.17,0.73,0.6,5.9548,5.1619,4.613301896
7/1/1995,5.42,6.28,0.86,0.63,5.962,5.1781,4.629488349
8/1/1995,5.29,6.49,1.2,0.62,5.9582,5.1959,4.632754532
9/1/1995,5.24,6.2,0.96,0.61,5.9571,5.1989,4.649616892
10/1/1995,5.32,6.04,0.72,0.63,5.9514,5.2101,4.654563738
11/1/1995,5.32,5.93,0.61,0.66,5.9626,5.2361,4.665673781
12/1/1995,4.96,5.71,0.75,0.67,5.9613,5.3157,4.681110827
1/1/1996,4.91,5.65,0.74,0.66,6.0125,5.2823,4.682777438
2/1/1996,4.89,5.81,0.92,0.64,5.9945,5.2867,4.708601972
3/1/1996,5,6.27,1.27,0.68,5.9875,5.3311,4.708641448
4/1/1996,5.01,6.51,1.5,0.69,5.9751,5.3439,4.710402693
5/1/1996,5.04,6.74,1.7,0.68,5.9774,5.3175,4.721398478
6/1/1996,5.04,6.91,1.87,0.69,5.9444,5.3304,4.72779641
7/1/1996,5.18,6.87,1.69,0.7,5.9741,5.2712,4.713351833
8/1/1996,5.15,6.64,1.49,0.72,5.9695,5.2909,4.727409953
9/1/1996,4.91,6.83,1.92,0.69,5.9415,5.3241,4.73699904
10/1/1996,5.03,6.53,1.5,0.68,5.9378,5.3226,4.755382408
11/1/1996,5,6.2,1.2,0.69,5.9216,5.389,4.777600355
12/1/1996,5.07,6.3,1.23,0.69,5.9113,5.3718,4.783582584
1/1/1997,5.02,6.58,1.56,0.67,5.8464,5.3226,4.798286336
2/1/1997,5.09,6.42,1.33,0.63,5.9002,5.2408,4.817573989
3/1/1997,5.21,6.69,1.48,0.63,5.8693,5.2597,4.815610551
4/1/1997,5.14,6.89,1.75,0.61,5.8325,5.282,4.801344454
5/1/1997,4.82,6.71,1.89,0.62,5.8508,5.2851,4.84035617
6/1/1997,5.06,6.49,1.43,0.61,5.815,5.2213,4.8636191
7/1/1997,5.11,6.22,1.11,0.61,5.7948,5.259,4.888490071
8/1/1997,5.1,6.3,1.2,0.6,5.7912,5.2769,4.890644997
9/1/1997,4.93,6.21,1.28,0.55,5.8198,5.3069,4.896430903
10/1/1997,5.07,6.03,0.96,0.57,5.7433,5.3383,4.904148044
11/1/1997,5.08,5.88,0.8,0.55,5.6934,5.2401,4.899756537
12/1/1997,5.22,5.81,0.59,0.56,5.6695,5.1683,4.911679397
1/1/1998,5.06,5.54,0.48,0.58,5.719,5.1606,4.913335708
2/1/1998,5.18,5.57,0.39,0.58,5.7041,5.1065,4.940876832
3/1/1998,5.02,5.65,0.63,0.6,5.7147,5.1163,4.963918998
4/1/1998,4.87,5.64,0.77,0.64,5.7298,5.0992,4.979010408
5/1/1998,4.89,5.65,0.76,0.61,5.6873,5.0643,4.978595888
6/1/1998,4.97,5.5,0.53,0.6,5.6974,5.0447,4.979653572
7/1/1998,4.97,5.46,0.49,0.6,5.6716,4.967,4.999164605
8/1/1998,4.77,5.34,0.57,0.62,5.6309,4.9197,4.968353336
9/1/1998,4.26,4.81,0.55,0.69,5.7004,5.0354,4.947141774
10/1/1998,4.23,4.53,0.3,0.81,5.6826,5.0005,4.953303094
11/1/1998,4.42,4.83,0.41,0.93,5.6873,4.894,4.999059419
12/1/1998,4.37,4.65,0.28,1.01,5.6671,4.8905,5.017041579
1/1/1999,4.37,4.72,0.35,1.05,5.6637,4.9073,5.038920334
2/1/1999,4.55,5,0.45,0.99,5.664,4.8738,5.039124975
3/1/1999,4.37,5.23,0.86,0.91,5.6416,5.0365,5.052120078
4/1/1999,4.43,5.18,0.75,0.84,5.6623,5.0813,5.070648879
5/1/1999,4.53,5.54,1.01,0.79,5.6058,5.0253,5.070673003
6/1/1999,4.65,5.9,1.25,0.79,5.5744,5.096,5.068464788
7/1/1999,4.62,5.79,1.17,0.76,5.5561,5.1309,5.088112351
8/1/1999,4.84,5.94,1.1,0.75,5.5502,5.2019,5.071858489
9/1/1999,4.74,5.92,1.18,0.81,5.7021,5.2526,5.069709586
10/1/1999,4.97,6.11,1.14,0.83,5.7048,5.2006,5.064607776
11/1/1999,5.15,6.03,0.88,0.79,5.6802,5.2452,5.094851171
12/1/1999,5.17,6.28,1.11,0.64,5.6685,5.2706,5.107300066
1/1/2000,5.53,6.66,1.13,0.55,5.6567,5.3296,5.107201302
2/1/2000,5.62,6.52,0.9,0.61,5.6843,5.3753,5.096728162
3/1/2000,5.72,6.26,0.54,0.69,5.6398,5.3321,5.113917577
4/1/2000,5.66,5.99,0.33,0.76,5.6157,5.3142,5.12045659
5/1/2000,5.48,6.44,0.96,0.91,5.616,5.4081,5.108355395
6/1/2000,5.71,6.1,0.39,0.81,5.675,5.4626,5.122270552
7/1/2000,6.03,6.05,0.02,0.7,5.6462,5.3628,5.126327287
8/1/2000,6.13,5.83,-0.3,0.71,5.6423,5.4988,5.130762863
9/1/2000,6.05,5.8,-0.25,0.73,5.6237,5.4701,5.126419709
10/1/2000,6.19,5.74,-0.45,0.79,5.585,5.4669,5.103555117
11/1/2000,6.03,5.72,-0.31,0.83,5.6106,5.5467,5.100581471
12/1/2000,5.73,5.24,-0.49,0.81,5.6117,5.5091,5.086326132
1/1/2001,4.86,5.16,0.3,0.78,5.591,5.4248,5.088694861
2/1/2001,4.73,5.1,0.37,0.77,5.5902,5.4026,5.079716978
3/1/2001,4.2,4.89,0.69,0.86,5.5576,5.3601,5.038812713
4/1/2001,3.86,5.14,1.28,0.87,5.5775,5.4127,5.041185415
5/1/2001,3.55,5.39,1.84,0.78,5.5869,5.3828,5.070474244
6/1/2001,3.57,5.28,1.71,0.79,5.6032,5.3116,5.060375867
7/1/2001,3.46,5.24,1.78,0.84,5.5955,5.3069,5.049085146
8/1/2001,3.3,4.97,1.67,0.83,5.6222,5.3132,5.040536649
9/1/2001,2.35,4.73,2.38,0.86,5.6836,5.2025,4.989197443
10/1/2001,2.01,4.57,2.56,0.88,5.6366,5.167,5.003277865
11/1/2001,1.75,4.65,2.9,0.84,5.6164,5.1333,5.025134511
12/1/2001,1.71,5.09,3.38,1.28,5.6312,5.1308,5.031900607
1/1/2002,1.73,5.04,3.31,1.32,5.6451,5.1121,5.031050681
2/1/2002,1.76,4.91,3.15,1.38,5.6941,5.1735,5.016696956
3/1/2002,1.76,5.28,3.52,1.3,5.716,5.3044,5.038090407
4/1/2002,1.74,5.21,3.47,1.27,5.734,5.3193,5.023000564
5/1/2002,1.71,5.16,3.45,1.34,5.7915,5.2693,5.011040117
6/1/2002,1.67,4.93,3.26,1.32,5.7491,5.3121,4.985029714
7/1/2002,1.68,4.65,2.97,1.37,5.721,5.3152,4.936142466
8/1/2002,1.66,4.26,2.6,1.21,5.7491,5.3717,4.94159416
9/1/2002,1.54,3.87,2.33,1.25,5.7844,5.4273,4.920980442
10/1/2002,1.42,3.94,2.52,1.41,5.7633,5.3818,4.91557597
11/1/2002,1.2,4.05,2.85,1.31,5.7583,5.3822,4.94397908
12/1/2002,1.2,4.03,2.83,1.24,5.8528,5.4602,4.940014317
1/1/2003,1.16,4.05,2.89,1.18,5.9111,5.5352,4.9395976
2/1/2003,1.18,3.9,2.72,1.11,5.8588,5.6297,4.911385941
3/1/2003,1.12,3.81,2.69,1.06,5.8198,5.4479,4.917598215
4/1/2003,1.11,3.96,2.85,1.11,5.8272,5.3736,4.940508884
5/1/2003,1.09,3.57,2.48,1.16,5.9015,5.4606,4.9635031
6/1/2003,0.89,3.33,2.44,1.22,5.8473,5.4519,4.988081986
7/1/2003,0.94,3.98,3.04,1.13,5.8744,5.4517,4.991155473
8/1/2003,0.96,4.45,3.49,1.13,5.9317,5.4908,4.990927283
9/1/2003,0.93,4.27,3.34,1.07,5.9561,5.4495,5.004924429
10/1/2003,0.94,4.29,3.35,1.03,5.9522,5.4743,5.014128049
11/1/2003,0.91,4.3,3.39,1.01,5.9834,5.5045,5.019844135
12/1/2003,0.93,4.27,3.34,0.98,6.0309,5.5628,5.033434967
1/1/2004,0.9,4.15,3.25,0.9,5.9987,5.561,5.054816356
2/1/2004,0.94,4.08,3.14,0.77,5.9834,5.63,5.059966926
3/1/2004,0.93,3.83,2.9,0.78,6.0598,5.6423,5.053578894
4/1/2004,0.96,4.35,3.39,0.73,5.9597,5.6682,5.058223705
5/1/2004,1.06,4.72,3.66,0.71,5.9786,5.7085,5.047413933
6/1/2004,1.31,4.73,3.42,0.77,5.9738,5.6572,5.060111518
7/1/2004,1.42,4.5,3.08,0.8,5.9756,5.7284,5.050756362
8/1/2004,1.57,4.28,2.71,0.81,6.022,5.689,5.04517783
9/1/2004,1.68,4.13,2.45,0.81,6.0412,5.8223,5.057577101
10/1/2004,1.87,4.1,2.23,0.74,6.0624,5.8728,5.058495731
11/1/2004,2.19,4.19,2,0.68,6.1163,5.8363,5.079202839
12/1/2004,2.18,4.23,2.05,0.68,6.0831,5.7381,5.091337805
1/1/2005,2.48,4.22,1.74,0.66,6.05,5.8036,5.085902627
2/1/2005,2.72,4.17,1.45,0.62,6.0813,5.8745,5.093600524
3/1/2005,2.73,4.5,1.77,0.66,6.0663,5.9497,5.092945759
4/1/2005,2.84,4.34,1.5,0.72,6.0779,5.8684,5.082821498
5/1/2005,2.93,4.14,1.21,0.86,6.0376,5.8718,5.089051125
6/1/2005,3.06,4,0.94,0.9,6.0802,5.9396,5.098881638
7/1/2005,3.34,4.18,0.84,0.89,6.0772,5.9964,5.10711408
8/1/2005,3.44,4.26,0.82,0.87,6.0824,6.1424,5.108907378
9/1/2005,3.47,4.2,0.73,0.9,6.1576,6.1518,5.110559462
10/1/2005,3.89,4.46,0.57,0.95,6.1461,6.0471,5.099467077
11/1/2005,3.86,4.54,0.68,0.97,6.212,6.0305,5.11679343
12/1/2005,3.99,4.47,0.48,0.95,6.2533,6.0678,5.126460978
1/1/2006,4.37,4.42,0.05,0.95,6.3552,6.1179,5.1332268
2/1/2006,4.51,4.57,0.06,0.92,6.3349,6.0304,5.133598695
3/1/2006,4.52,4.72,0.2,0.88,6.3745,6.0925,5.1404414
4/1/2006,4.65,4.99,0.34,0.84,6.4839,6.1629,5.144323932
5/1/2006,4.74,5.11,0.37,0.8,6.4754,6.1624,5.141326076
6/1/2006,4.87,5.11,0.24,0.89,6.4232,6.1835,5.129859639
7/1/2006,4.97,5.09,0.12,0.91,6.472,6.2111,5.133420412
8/1/2006,4.92,4.88,-0.04,0.91,6.4524,6.1439,5.143698479
9/1/2006,4.77,4.72,-0.05,0.92,6.4039,6.0592,5.154990913
10/1/2006,4.95,4.73,-0.22,0.91,6.4082,6.062,5.170850642
11/1/2006,4.9,4.6,-0.3,0.87,6.4814,6.1391,5.179889255
12/1/2006,4.89,4.56,-0.33,0.9,6.4583,6.0722,5.18954607
1/1/2007,4.99,4.76,-0.23,0.94,6.4891,6.0573,5.192966862
2/1/2007,5.01,4.72,-0.29,0.89,6.511,6.1059,5.200257674
3/1/2007,4.9,4.56,-0.34,0.97,6.5058,6.1487,5.189797335
4/1/2007,4.79,4.69,-0.1,0.92,6.5272,6.1622,5.207982769
5/1/2007,4.6,4.75,0.15,0.92,6.5023,6.1541,5.222853371
6/1/2007,4.68,5.1,0.42,0.91,6.4784,6.1927,5.224733968
7/1/2007,4.82,5,0.18,0.92,6.5211,6.246,5.227611185
8/1/2007,3.91,4.67,0.76,0.86,6.5249,6.2052,5.209384155
9/1/2007,3.72,4.52,0.8,0.85,6.6201,6.3029,5.222938309
10/1/2007,3.84,4.53,0.69,0.82,6.6787,6.3958,5.236131956
11/1/2007,3.08,4.15,1.07,0.96,6.6709,6.3596,5.215149494
12/1/2007,3.29,4.1,0.81,1.16,6.731,6.4137,5.220903348
1/1/2008,1.92,3.74,1.82,1.21,6.833,6.4108,5.191521261
2/1/2008,1.81,3.74,1.93,1.29,6.8824,6.5218,5.185117273
3/1/2008,1.36,3.51,2.15,1.38,6.826,6.5057,5.174004531
4/1/2008,1.41,3.68,2.27,1.42,6.7628,6.5807,5.192477988
5/1/2008,1.85,3.88,2.03,1.36,6.7929,6.6677,5.203872774
6/1/2008,1.87,4.1,2.23,1.39,6.8334,6.7602,5.185441594
7/1/2008,1.65,4.01,2.36,1.49,6.8273,6.6336,5.158640405
8/1/2008,1.69,3.89,2.2,1.51,6.7277,6.5627,5.168142105
9/1/2008,0.9,3.69,2.79,1.66,6.7808,6.4333,5.147018637
10/1/2008,0.44,3.81,3.37,2.6,6.5767,6.108,5.049635708
11/1/2008,0.01,3.53,3.52,3.09,6.7081,5.9678,5.011223607
12/1/2008,0.11,2.42,2.31,3.38,6.7848,5.8552,5.010382466
1/1/2009,0.24,2.52,2.28,3.09,6.8335,5.8177,5.006267942
2/1/2009,0.26,2.87,2.61,2.81,6.8485,5.8178,4.976838014
3/1/2009,0.21,2.82,2.61,2.92,6.8298,5.882,4.952136641
4/1/2009,0.14,2.93,2.79,3,6.7926,5.9022,5.003225918
5/1/2009,0.14,3.29,3.15,2.52,6.8879,6.0937,5.031797291
6/1/2009,0.19,3.72,3.53,1.89,6.8324,6.1097,5.044611618
7/1/2009,0.18,3.56,3.38,1.68,6.8625,6.1256,5.050640242
8/1/2009,0.15,3.59,3.44,1.32,6.8601,6.1176,5.085012496
9/1/2009,0.14,3.4,3.26,1.18,6.917,6.1372,5.101019527
10/1/2009,0.05,3.39,3.34,1.14,6.9474,6.2082,5.111751358
11/1/2009,0.06,3.4,3.34,1.13,7.0752,6.2394,5.121153938
12/1/2009,0.06,3.59,3.53,1.11,6.9996,6.2627,5.131100776
1/1/2010,0.08,3.73,3.65,0.99,6.9882,6.1865,5.137339654
2/1/2010,0.13,3.69,3.56,0.99,7.0201,6.249,5.124959773
3/1/2010,0.16,3.73,3.57,1,7.0162,6.2732,5.150397533
4/1/2010,0.16,3.85,3.69,0.96,7.0739,6.3098,5.168154997
5/1/2010,0.16,3.42,3.26,1.09,7.1025,6.1907,5.1422058
6/1/2010,0.18,3.2,3.02,1.35,7.1276,6.2049,5.12693348
7/1/2010,0.15,3.01,2.86,1.29,7.0766,6.263,5.126643369
8/1/2010,0.14,2.7,2.56,1.17,7.1311,6.2129,5.130776687
9/1/2010,0.16,2.65,2.49,1.13,7.1775,6.3027,5.145563649
10/1/2010,0.12,2.54,2.42,1.04,7.2135,6.3353,5.165374373
11/1/2010,0.17,2.76,2.59,1.05,7.2342,6.3558,5.176425587
12/1/2010,0.12,3.29,3.17,1.08,7.2594,6.4486,5.19261539
1/1/2011,0.15,3.39,3.24,1.05,7.1963,6.485,5.207741079
2/1/2011,0.15,3.58,3.43,0.93,7.2513,6.5379,5.221546539
3/1/2011,0.09,3.41,3.32,0.9,7.2723,6.587,5.217018762
4/1/2011,0.04,3.46,3.42,0.86,7.3501,6.6317,5.2268826
5/1/2011,0.06,3.17,3.11,0.82,7.3375,6.5614,5.230057848
6/1/2011,0.03,3,2.97,0.76,7.3151,6.5056,5.214192303
7/1/2011,0.1,3,2.9,0.83,7.3971,6.531,5.227790296
8/1/2011,0.02,2.3,2.28,0.99,7.513,6.5142,5.180467305
9/1/2011,0.02,1.98,1.96,1.18,7.3916,6.3818,5.177404194
10/1/2011,0.01,2.15,2.14,1.39,7.4531,6.4738,5.1907012
11/1/2011,0.01,2.01,2,1.27,7.4675,6.4892,5.198689664
12/1/2011,0.02,1.98,1.96,1.32,7.3568,6.4691,5.205774334
1/1/2012,0.06,1.97,1.91,1.38,7.4619,6.4933,5.226427103
2/1/2012,0.08,1.97,1.89,1.29,7.445,6.5561,5.244488022
3/1/2012,0.07,2.17,2.1,1.24,7.4217,6.5348,5.2571709
4/1/2012,0.1,2.05,1.95,1.23,7.4171,6.5292,5.257342464
5/1/2012,0.07,1.8,1.73,1.27,7.3551,6.3906,5.244060928
6/1/2012,0.09,1.62,1.53,1.38,7.3804,6.396,5.239391584
7/1/2012,0.11,1.53,1.42,1.47,7.3868,6.4549,5.252260453
8/1/2012,0.09,1.68,1.59,1.43,7.4311,6.5148,5.267081473
9/1/2012,0.1,1.72,1.62,1.35,7.4809,6.5009,5.280350369
10/1/2012,0.11,1.75,1.64,1.11,7.4496,6.4579,5.279760014
11/1/2012,0.08,1.65,1.57,1.01,7.4458,6.477,5.267635252
12/1/2012,0.05,1.72,1.67,0.98,7.424,6.4717,5.27736087
1/1/2013,0.07,1.91,1.84,0.93,7.4158,6.5153,5.295872338
2/1/2013,0.11,1.98,1.87,0.95,7.364,6.4742,5.306231997
3/1/2013,0.07,1.96,1.89,0.92,7.3751,6.4847,5.31823286
4/1/2013,0.05,1.76,1.71,0.86,7.2944,6.4368,5.324839705
5/1/2013,0.04,1.93,1.89,0.84,7.2392,6.4224,5.344590758
6/1/2013,0.04,2.3,2.26,0.92,7.1096,6.4156,5.340040658
7/1/2013,0.04,2.58,2.54,0.98,7.1801,6.4593,5.354274232
8/1/2013,0.03,2.74,2.71,0.88,7.2414,6.4878,5.35569624
9/1/2013,0.02,2.81,2.79,0.83,7.1907,6.4495,5.361170057
10/1/2013,0.04,2.62,2.58,0.78,7.1882,6.4338,5.370590547
11/1/2013,0.06,2.72,2.66,0.75,7.1312,6.4299,5.387351364
12/1/2013,0.07,2.9,2.83,0.76,7.092,6.4493,5.394220227
1/1/2014,0.02,2.86,2.84,0.7,7.1227,6.4334,5.398714961
2/1/2014,0.05,2.71,2.66,0.65,7.1866,6.4764,5.398462365
3/1/2014,0.05,2.72,2.67,0.68,7.1576,6.4752,5.410428705
4/1/2014,0.03,2.71,2.68,0.66,7.167,6.4808,5.411604729
5/1/2014,0.04,2.56,2.52,0.6,7.1277,6.4764,5.418504142
6/1/2014,0.04,2.6,2.56,0.55,7.1869,6.4901,5.432457046
7/1/2014,0.03,2.54,2.51,0.57,7.1568,6.4325,5.439192994
8/1/2014,0.03,2.42,2.39,0.61,7.1604,6.415,5.437628696
9/1/2014,0.02,2.53,2.51,0.69,7.0997,6.3531,5.44557398
10/1/2014,0.01,2.3,2.29,0.77,7.0661,6.2908,5.434228773
11/1/2014,0.02,2.33,2.31,0.87,7.0694,6.1782,5.458622269
12/1/2014,0.04,2.21,2.17,0.95,7.0767,6.0358,5.461668353
1/1/2015,0.02,1.88,1.86,0.99,7.154,5.9653,5.457136993
2/1/2015,0.02,1.98,1.96,0.9,7.1009,6.0432,5.4695532
3/1/2015,0.03,2.04,2.01,0.9,7.076,5.9831,5.470098661
4/1/2015,0.01,1.94,1.93,0.96,7.0753,6.0994,5.47419748
5/1/2015,0.01,2.2,2.19,0.91,7.0815,6.0847,5.478723413
6/1/2015,0.01,2.36,2.35,0.94,7.0663,6.0883,5.477123634
7/1/2015,0.08,2.32,2.24,1.05,6.9986,5.9359,5.477074895
8/1/2015,0.08,2.17,2.09,1.15,7.0322,5.9424,5.466724578
9/1/2015,-0.01,2.17,2.18,1.27,7.0168,5.8843,5.447022895
10/1/2015,0.08,2.07,1.99,1.39,7.04,5.8956,5.465695999
11/1/2015,0.22,2.26,2.04,1.4,6.971,5.8176,5.478561719
12/1/2015,0.16,2.24,2.08,1.49,6.9662,5.7419,5.474068147
1/1/2016,0.32,2.09,1.77,1.45,7.0179,5.706,5.445595806
2/1/2016,0.33,1.78,1.45,1.38,7.1183,5.7158,5.443546717
3/1/2016,0.21,1.89,1.68,1.31,7.1193,5.7789,5.470658313
4/1/2016,0.22,1.81,1.59,1.17,7.1628,5.8872,5.4830941
5/1/2016,0.34,1.81,1.47,1.03,7.1046,5.9161,5.482079356
6/1/2016,0.26,1.64,1.38,1.03,7.1858,5.9243,5.486990741
7/1/2016,0.27,1.5,1.23,0.94,7.2134,5.8272,5.501378191
8/1/2016,0.33,1.56,1.23,0.92,7.1789,5.8528,5.506850678
9/1/2016,0.28,1.63,1.35,0.9,7.1832,5.8984,5.505237062
10/1/2016,0.34,1.76,1.42,0.87,7.1492,5.8906,5.503332459
11/1/2016,0.48,2.14,1.66,0.85,7.0681,5.9328,5.508816427
12/1/2016,0.5,2.49,1.99,0.77,7.049,5.987,5.525912766
1/1/2017,0.52,2.43,1.91,0.74,7.0995,5.981,5.532392565
2/1/2017,0.53,2.42,1.89,0.69,7.134,5.997,5.543712544
3/1/2017,0.75,2.48,1.73,0.67,7.1319,5.9616,5.551512392
4/1/2017,0.79,2.3,1.51,0.7,7.1454,5.9474,5.551112018
5/1/2017,0.96,2.3,1.34,0.7,7.1469,5.9345,5.558666067
6/1/2017,1.01,2.19,1.18,0.69,7.1247,5.9199,5.566575391
7/1/2017,1.05,2.32,1.27,0.69,7.1541,5.9612,5.571107552
8/1/2017,0.99,2.21,1.22,0.68,7.1932,5.9558,5.572443927
9/1/2017,1.04,2.2,1.16,0.67,7.1584,5.9897,5.579819573
10/1/2017,1.13,2.36,1.23,0.72,7.1525,6.0286,5.591786072
11/1/2017,1.25,2.35,1.1,0.7,7.1564,6.0503,5.598881846
12/1/2017,1.37,2.4,1.03,0.71,7.1772,6.0923,5.611469398
1/1/2018,1.44,2.58,1.14,0.71,7.2063,6.1237,5.63231643
2/1/2018,1.63,2.86,1.23,0.69,7.1741,6.0944,5.61982931
3/1/2018,1.7,2.84,1.14,0.77,7.1909,6.1157,5.62034361
4/1/2018,1.84,2.87,1.03,0.82,7.1753,6.1649,5.61329206
5/1/2018,1.89,2.98,1.09,0.83,7.1696,6.1768,5.621958145
6/1/2018,1.89,2.91,1.02,0.87,7.1345,6.1892,5.631264029
7/1/2018,1.99,2.89,0.9,0.92,7.1128,6.1417,5.638300636
8/1/2018,2.07,2.89,0.82,0.89,7.0956,6.1499,5.649037577
9/1/2018,2.15,3,0.85,0.9,7.0869,6.1868,5.65649111
10/1/2018,2.29,3.15,0.86,0.93,7.1217,6.1232,5.639673809
11/1/2018,2.32,3.12,0.8,1,7.1115,6.0076,5.630801694
12/1/2018,2.4,2.83,0.43,1.11,7.157,5.9251,5.606205236
1/1/2019,2.36,2.71,0.35,1.19,7.187,6.011,5.613932395
2/1/2019,2.4,2.68,0.28,1.16,7.1695,6.0553,5.63877488
3/1/2019,2.35,2.57,0.22,1.07,7.169,6.0733,5.64738411
4/1/2019,2.38,2.53,0.15,1.01,7.1579,6.1013,5.663479121
5/1/2019,2.3,2.4,0.1,0.96,7.1786,6.0107,5.65699748
6/1/2019,2.08,2.07,-0.01,1.04,7.254,6.0529,5.663276639
7/1/2019,2.04,2.06,0.02,0.99,7.2671,6.046,5.679801401
8/1/2019,1.95,1.63,-0.32,0.89,7.3326,5.9841,5.666192664
9/1/2019,1.84,1.7,-0.14,0.88,7.3059,6.0005,5.679605268
10/1/2019,1.51,1.71,0.2,0.91,7.3208,6.0101,5.679863016
11/1/2019,1.56,1.81,0.25,0.88,7.2949,6.0142,5.698911688
12/1/2019,1.52,1.86,0.34,0.87,7.3285,6.0781,5.709710839
1/1/2020,1.52,1.76,0.24,0.83,7.3476,5.9631,5.724204551
2/1/2020,1.25,1.5,0.25,0.83,7.3567,5.8818,5.72493198
3/1/2020,0.11,0.87,0.76,1.27,7.3756,5.5434,5.634106109
4/1/2020,0.09,0.66,0.57,1.7,7.435,5.5492,5.652707741
5/1/2020,0.14,0.67,0.53,1.45,7.4683,5.7271,5.67777889
6/1/2020,0.16,0.73,0.57,1.2,7.4958,5.7853,5.705370909
7/1/2020,0.09,0.62,0.53,1.17,7.5938,5.8284,5.720405561
8/1/2020,0.11,0.65,0.54,1.02,7.5901,5.8811,5.745454187
9/1/2020,0.1,0.68,0.58,1.05,7.5472,5.8584,5.742901282
10/1/2020,0.09,0.79,0.7,1.09,7.539,5.8312,5.750509189
11/1/2020,0.08,0.87,0.79,1,7.4849,5.9548,5.767520278
12/1/2020,0.09,0.93,0.84,0.9,7.547,6.0148,5.785799808
1/1/2021,0.06,1.08,1.02,0.79,7.5231,6.0661,5.79792652
2/1/2021,0.04,1.26,1.22,0.72,7.4552,6.1675,5.808760089
3/1/2021,0.03,1.61,1.58,0.7,7.4475,6.1472,5.812451906
4/1/2021,0.01,1.64,1.63,0.7,7.4774,6.2262,5.837974857
5/1/2021,0.01,1.62,1.61,0.66,7.5524,6.2523,5.841387423
6/1/2021,0.05,1.52,1.47,0.65,7.4796,6.2841,5.849295525
7/1/2021,0.06,1.32,1.26,0.67,7.5051,6.2937,5.862534003
8/1/2021,0.04,1.28,1.24,0.69,7.5055,6.2679,5.872032958
9/1/2021,0.04,1.37,1.33,0.7,7.4714,6.3238,5.871776411
10/1/2021,0.05,1.58,1.53,0.67,7.4866,6.3771,5.873841119
11/1/2021,0.05,1.56,1.51,0.66,7.4824,6.2585,5.894071928
12/1/2021,0.06,1.47,1.41,0.65,7.5113,6.33,5.895320329
1/1/2022,0.24,1.76,1.52,0.65,7.4935,6.4358,5.886412691
2/1/2022,0.37,1.93,1.56,0.72,7.55,6.5118,5.873715421
3/1/2022,0.51,2.13,1.62,0.86,7.5761,6.585,5.869910381
4/1/2022,0.83,2.75,1.92,0.9,7.545,6.629,5.870511563
5/1/2022,1.13,2.9,1.77,0.99,7.5203,6.6675,5.834988889
6/1/2022,1.66,3.14,1.48,1.03,7.4996,6.5642,5.820187697
7/1/2022,2.34,2.9,0.56,1.15,7.4699,6.5405,5.822283201
8/1/2022,2.87,2.9,0.03,1.08,7.4483,6.5012,5.849496164
9/1/2022,3.22,3.52,0.3,1.1,7.4167,6.4098,5.816764945
10/1/2022,4.06,3.98,-0.08,1.16,7.4029,6.4565,5.803212983
11/1/2022,4.27,3.89,-0.38,1.17,7.4692,6.4315,5.825661758
12/1/2022,4.3,3.62,-0.68,1.16,7.5099,6.4136,5.825793575
1/1/2023,4.58,3.53,-1.05,1.1,7.5687,6.407,5.831808457
2/1/2023,4.72,3.75,-0.97,1.03,7.5157,6.3662,5.845337173
3/1/2023,4.68,3.66,-1.02,1.11,7.5951,6.3527,5.834033521
4/1/2023,4.95,3.46,-1.49,1.06,7.6004,6.3368,5.851115315
5/1/2023,5.26,3.57,-1.69,1.1,7.5874,6.2695,5.854369673
6/1/2023,5.17,3.75,-1.42,1.1,7.559,6.2924,5.875377389
7/1/2023,5.28,3.9,-1.38,1.08,7.5907,6.3859,5.891947592
8/1/2023,5.32,4.17,-1.15,1.07,7.574,6.3825,5.887646071
9/1/2023,5.32,4.38,-0.94,1.03,7.5334,6.4129,5.883536976
10/1/2023,5.33,4.8,-0.53,1.02,7.598,6.3578,5.87019702
11/1/2023,5.25,4.5,-0.75,1.01,7.6244,6.3204,5.889790381
12/1/2023,5.2,4.02,-1.18,0.9,7.6418,6.2835,5.911756648
1/1/2024,5.22,4.06,-1.16,0.81,7.6292,6.3191,5.924269091
2/1/2024,5.25,4.21,-1.04,0.74,7.6279,6.3242,5.942175746
3/1/2024,5.23,4.21,-1.02,0.74,7.6968,6.3673,5.95623824
4/1/2024,5.25,4.54,-0.71,0.72,7.7419,6.3736,5.951870749
5/1/2024,5.25,4.48,-0.77,0.7,7.7642,6.3514,5.962701213
6/1/2024,5.22,4.31,-0.91,0.69,7.7565,6.3602,5.977888368
7/1/2024,5.15,4.25,-0.9,0.72,7.7991,6.3125,5.988136107
8/1/2024,4.98,3.87,-1.11,0.73,7.8386,6.2855,5.983934418
9/1/2024,4.52,3.72,-0.8,0.74,7.8815,6.2783,5.995631085
10/1/2024,4.44,4.1,-0.34,0.68,7.9191,6.2808,6.009139665
11/1/2024,4.39,4.36,-0.03,0.64,7.8832,6.2836,6.019817463
12/1/2024,4.23,4.39,0.16,0.6,7.8702,6.3093,6.026187207
1/1/2025,4.2,4.63,0.43,0.62,7.9534,6.3314,6.02439342
2/1/2025,4.2,4.45,0.25,0.6,7.9711,6.3164,6.029146444
3/1/2025,4.21,4.28,0.07,0.64,8.0553,6.3423,6.003364277
4/1/2025,4.2,4.28,0.08,0.73,8.1074,6.2503,5.979183632
5/1/2025,4.25,4.42,0.17,0.75,8.1149,6.2628,6.013994316
6/1/2025,4.24,4.38,0.14,0.69,8.104,6.2974,6.030545337
7/1/2025,4.24,4.39,0.15,0.65,8.1163,6.3172,6.049793816
8/1/2025,4.05,4.26,0.21,0.65,8.1639,6.3094,6.057937571
9/1/2025,3.86,4.12,0.26,0.62,8.2618,6.3099,6.070086612
10/1/2025,3.73,4.06,0.33,0.61,8.2974,6.3226,6.080414031
11/1/2025,3.73,4.09,0.36,0.6,8.3517,6.3193,6.081188079
12/1/2025,3.57,4.14,0.57,0.59,8.3759,6.3072,6.088787535
1/1/2026,3.58,4.21,0.63,0.54,8.4613,6.3939,6.094012648
