Date,Excess GDP,Labor Tightness,Labor SR,Labor Sigmoid,INFL SR,Real Yield,Com Tightness,Com SR
7/1/1964,0.566666667,0.433333333,0.3,0.249109408,-0.004724995,0.029200452,-0.117984286,-0.033087143
8/1/1964,0.433333333,0.466666667,0.233333333,0.218396451,-0.003726886,0.0308306,-0.119051429,-0.0273
9/1/1964,0.433333333,0.4,0.2,0.240787404,-0.001903472,0.031186246,-0.11239,-0.014991429
10/1/1964,0.333333333,0.333333333,0,0.183791209,0.001328792,0.031103924,-0.11086,-0.010124286
11/1/1964,0.5,0.4,0.033333333,0.240787404,0.000589648,0.029101808,-0.108368571,-0.005627143
12/1/1964,0.533333333,0.433333333,0.033333333,0.249109408,0.001354139,0.030396598,-0.101321429,0.013605714
1/1/1965,0.633333333,0.5,0.166666667,0.264278468,0.000757173,0.029749785,-0.087597143,0.030387143
2/1/1965,0.433333333,0.4,0,0.140787404,0.002508651,0.028944635,-0.082105714,0.036945714
3/1/1965,0.5,0.5,0.066666667,0.213939712,0.003517878,0.028187947,-0.077582857,0.034807143
4/1/1965,0.433333333,0.533333333,0.033333333,0.184869889,0.002910869,0.026331907,-0.075132857,0.035727143
5/1/1965,0.5,0.7,0.3,0.188026929,0.002484991,0.026033766,-0.066741429,0.041627143
6/1/1965,0.433333333,0.733333333,0.233333333,0.173047294,-1.74E-05,0.025702956,-0.054305714,0.047015714
7/1/1965,0.333333333,0.866666667,0.333333333,0.157839132,-0.001322738,0.02634928,-0.037417143,0.05018
8/1/1965,0.266666667,0.933333333,0.233333333,0.169349366,-0.000614334,0.027756503,-0.022504286,0.059601429
9/1/1965,0.3,1.033333333,0.3,0.183706865,-0.001235663,0.02711729,-0.011814286,0.065768571
10/1/1965,0.366666667,1.1,0.233333333,0.191467252,-0.000279349,0.029084943,0.001621429,0.076754286
11/1/1965,0.4,1.2,0.266666667,0.185180173,-0.000151374,0.030035853,0.013997143,0.080738571
12/1/1965,0.4,1.3,0.266666667,0.192748515,0.000937694,0.030568665,0.027664286,0.08197
1/1/1966,0.366666667,1.366666667,0.266666667,0.196386966,0.004710887,0.030747249,0.037801429,0.075218571
2/1/1966,0.566666667,1.466666667,0.266666667,0.199946446,0.005008632,0.029124966,0.05587,0.078374286
3/1/1966,0.533333333,1.533333333,0.233333333,0.183423386,0.008242532,0.028060032,0.0699,0.081714286
4/1/1966,0.566666667,1.6,0.233333333,0.179180389,0.006562077,0.023904717,0.082427143,0.080805714
5/1/1966,0.366666667,1.566666667,0.1,0.12208956,0.006312977,0.022062889,0.08831,0.074312857
6/1/1966,0.3,1.566666667,0.033333333,0.116333157,0.006389071,0.021147056,0.09131,0.063645714
7/1/1966,0.166666667,1.566666667,-0.033333333,0.093307543,0.007421037,0.020215646,0.08648,0.048678571
8/1/1966,0.133333333,1.6,0.033333333,0.111987743,0.007414653,0.019041852,0.084844286,0.028974286
9/1/1966,0.033333333,1.633333333,0.066666667,0.098024544,0.006753678,0.017432403,0.07724,0.00734
10/1/1966,0,1.666666667,0.1,0.090025826,0.002230908,0.013361968,0.066707143,-0.01572
11/1/1966,-0.033333333,1.733333333,0.133333333,0.080086243,0.000731081,0.016210944,0.059421429,-0.028888571
12/1/1966,-0.166666667,1.7,0.066666667,0.033601615,-0.001651851,0.013301322,0.046884286,-0.044425714
1/1/1967,-0.3,1.633333333,-0.033333333,-0.040096112,-0.002797783,0.010713819,0.040245714,-0.046234286
2/1/1967,-0.466666667,1.566666667,-0.166666667,-0.120615439,-0.003945713,0.013708727,0.027062857,-0.057781429
3/1/1967,-0.533333333,1.566666667,-0.133333333,-0.132128246,-0.006393391,0.014247036,0.00514,-0.0721
4/1/1967,-0.533333333,1.6,-0.033333333,-0.105336398,-0.005568883,0.01720721,-0.016782857,-0.08349
5/1/1967,-0.5,1.6,0.033333333,-0.105336398,-0.003546498,0.02147761,-0.031035714,-0.090457143
6/1/1967,-0.533333333,1.566666667,0,-0.137884649,-0.001048872,0.022593534,-0.041008571,-0.087892857
7/1/1967,-0.533333333,1.566666667,-0.033333333,-0.137884649,0.001382719,0.023956082,-0.050842857,-0.091088571
8/1/1967,-0.533333333,1.566666667,-0.033333333,-0.137884649,0.002118787,0.02439489,-0.058321429,-0.085384286
9/1/1967,-0.533333333,1.6,0.033333333,-0.105336398,0.002889944,0.023274747,-0.06518,-0.07032
10/1/1967,-0.633333333,1.533333333,-0.033333333,-0.164498699,0.006103293,0.024266138,-0.065588571,-0.048805714
11/1/1967,-0.733333333,1.5,-0.066666667,-0.190767378,0.007459428,0.022991597,-0.061325714,-0.03029
12/1/1967,-0.7,1.5,-0.1,-0.163514895,0.008744369,0.019815319,-0.062725714,-0.021717143
1/1/1968,-0.433333333,1.6,0.066666667,-0.010935785,0.00690025,0.016021769,-0.066605714,-0.015762857
2/1/1968,-0.333333333,1.633333333,0.133333333,0.021783232,0.005381532,0.014191346,-0.068572857,-0.010251429
3/1/1968,-0.3,1.666666667,0.166666667,0.026478184,0.003655841,0.014833787,-0.072192857,-0.007012857
4/1/1968,-0.266666667,1.733333333,0.133333333,0.035037731,0.001904369,0.013465928,-0.070408571,-0.00482
5/1/1968,-0.166666667,1.833333333,0.2,0.045947219,0.001293883,0.015386977,-0.071634286,-0.010308571
6/1/1968,-0.133333333,1.733333333,0.166666667,0.050053902,0.002744138,0.013339904,-0.070827143,-0.008101429
7/1/1968,-0.2,1.666666667,0.033333333,-0.013710298,0.001714796,0.00932179,-0.070787143,-0.004181429
8/1/1968,-0.2,1.566666667,-0.066666667,-0.009102632,0.002225092,0.009172181,-0.07285,-0.004277143
9/1/1968,-0.133333333,1.666666667,0.033333333,0.058252005,0.002689016,0.008514812,-0.074964286,-0.002771429
10/1/1968,0,1.766666667,0.2,0.068113431,0.004589875,0.007432774,-0.074038571,-0.00363
11/1/1968,0,1.8,0.233333333,0.070925532,0.004336155,0.007382306,-0.070808571,0.000825714
12/1/1968,0,1.8,0.133333333,0.070925532,0.001878167,0.009878657,-0.068811429,0.002015714
1/1/1969,-0.1,1.7,0.033333333,0.061786106,0.001834656,0.010154606,-0.06374,0.007047143
2/1/1969,-0.133333333,1.7,0,0.056637264,0.003972346,0.01044765,-0.063144286,0.009705714
3/1/1969,-0.166666667,1.7,0,0.051488422,0.006783013,0.008606311,-0.062104286,0.01286
4/1/1969,-0.233333333,1.7,0,0.041190737,0.004676869,0.004671593,-0.056994286,0.017044286
5/1/1969,-0.333333333,1.7,0,0.036041895,0.001927526,0.007070781,-0.045635714,0.025172857
6/1/1969,-0.366666667,1.666666667,-0.033333333,0.003736124,0.000445803,0.009378785,-0.043295714,0.025515714
7/1/1969,-0.266666667,1.633333333,-0.066666667,-0.028546011,0.002545532,0.00972579,-0.037567143,0.026172857
8/1/1969,-0.266666667,1.6,-0.1,-0.06080429,0.002798868,0.008225249,-0.030935714,0.032208571
9/1/1969,-0.433333333,1.433333333,-0.133333333,-0.134570026,0.000875133,0.012479917,-0.02224,0.039864286
10/1/1969,-0.6,1.366666667,-0.166666667,-0.185929583,-8.20E-05,0.012650657,-0.01082,0.046174286
11/1/1969,-0.6,1.266666667,-0.133333333,-0.182040041,0.000118671,0.012807255,-0.002262857,0.043372857
12/1/1969,-0.5,1.333333333,0,-0.117991344,0.001798637,0.017261246,-0.000977143,0.042318571
1/1/1970,-0.5,1.166666667,0,-0.17792646,0.001511566,0.01775202,-0.002325714,0.035241429
2/1/1970,-0.733333333,0.933333333,-0.233333333,-0.334950493,0.001175641,0.012295688,-0.000831429,0.030104286
3/1/1970,-1.033333333,0.633333333,-0.6,-0.500821091,0.001060952,0.010285605,0.00108,0.02332
4/1/1970,-1.266666667,0.3,-0.766666667,-0.574442517,0.002009667,0.012691069,0.005224286,0.016044286
5/1/1970,-1.433333333,0.1,-0.733333333,-0.629975025,0.002696175,0.016986022,0.000515714,0.002778571
6/1/1970,-1.533333333,-0.066666667,-0.6,-0.644452671,0.000461667,0.01528943,-0.00582,-0.004842857
7/1/1970,-1.633333333,-0.2,-0.5,-0.645237937,-0.000970385,0.012929401,-0.012101429,-0.009775714
8/1/1970,-1.666666667,-0.3,-0.4,-0.638336225,-0.002968051,0.014156406,-0.019825714,-0.018994286
9/1/1970,-1.766666667,-0.466666667,-0.4,-0.616648803,-0.002957487,0.013757481,-0.022578571,-0.023658571
10/1/1970,-1.833333333,-0.633333333,-0.433333333,-0.612600675,-0.001645851,0.014586889,-0.029215714,-0.03444
11/1/1970,-2.1,-0.9,-0.6,-0.587736011,-0.00161023,0.008902257,-0.035922857,-0.036438571
12/1/1970,-2.4,-1.133333333,-0.666666667,-0.552038667,-0.001980631,0.005367711,-0.045184286,-0.039364286
1/1/1971,-2.433333333,-1.266666667,-0.633333333,-0.512932928,-0.005408232,0.00566752,-0.051881429,-0.03978
2/1/1971,-2.2,-1.266666667,-0.366666667,-0.461639635,-0.008111697,0.007010489,-0.04445,-0.024624286
3/1/1971,-1.833333333,-1.233333333,-0.1,-0.372744051,-0.008700998,0.006579408,-0.046542857,-0.023964286
4/1/1971,-1.566666667,-1.233333333,0.033333333,-0.32010439,-0.006662458,0.010268518,-0.049501429,-0.020285714
5/1/1971,-1.366666667,-1.233333333,0.033333333,-0.274984681,-0.005339146,0.016472947,-0.051565714,-0.015642857
6/1/1971,-1.133333333,-1.2,0.033333333,-0.211103593,-0.004572182,0.020118554,-0.049045714,-0.003861429
7/1/1971,-1.033333333,-1.233333333,0,-0.207305117,-0.005571965,0.0238407,-0.041165714,0.010715714
8/1/1971,-1,-1.3,-0.066666667,-0.214165017,-0.005456722,0.023944912,-0.038795714,0.005654286
9/1/1971,-0.833333333,-1.333333333,-0.133333333,-0.180794057,-0.005426103,0.021775276,-0.043185714,0.003357143
10/1/1971,-0.6,-1.266666667,-0.033333333,-0.087213212,-0.006226089,0.021266803,-0.0395,0.010001429
11/1/1971,-0.3,-1.233333333,0.066666667,0.00224063,-0.006171095,0.022471001,-0.036888571,0.014677143
12/1/1971,-0.066666667,-1.233333333,0.1,0.054880291,-0.004687062,0.025846371,-0.032474286,0.016571429
1/1/1972,0.066666667,-1.233333333,0.033333333,0.069920194,-0.001711063,0.026153865,-0.02634,0.014825714
2/1/1972,0.166666667,-1.133333333,0.1,0.151290706,-0.001050352,0.026882064,-0.016012857,0.022782857
3/1/1972,0.2,-1.066666667,0.166666667,0.198389998,-0.001467321,0.028296723,-0.00518,0.038005714
4/1/1972,0.233333333,-1.033333333,0.2,0.221268486,-0.003378639,0.030021186,0.010025714,0.049525714
5/1/1972,0.233333333,-1.033333333,0.1,0.221268486,-0.002781188,0.030760703,0.024288571,0.061177143
6/1/1972,0.233333333,-1,0.066666667,0.243686193,-0.00232775,0.031477911,0.035274286,0.067748571
7/1/1972,0.3,-0.966666667,0.066666667,0.265633352,-0.000696933,0.031548936,0.048848571,0.075188571
8/1/1972,0.4,-0.933333333,0.1,0.287100423,0.001179845,0.032257636,0.060925714,0.076938571
9/1/1972,0.5,-0.866666667,0.133333333,0.328557426,0.001184859,0.034698066,0.072134286,0.077314286
10/1/1972,0.433333333,-0.866666667,0.1,0.281620651,0.000869891,0.034064077,0.086237143,0.076211429
11/1/1972,0.5,-0.766666667,0.166666667,0.318639714,0.000627106,0.032087745,0.103352857,0.079064286
12/1/1972,0.533333333,-0.666666667,0.2,0.374428609,0.00047779,0.03217096,0.127041429,0.091767143
1/1/1973,0.733333333,-0.433333333,0.433333333,0.485335485,0.002422676,0.033386287,0.158838571,0.10999
2/1/1973,0.7,-0.333333333,0.433333333,0.466056165,0.006444794,0.033265069,0.199905714,0.13898
3/1/1973,0.7,-0.233333333,0.433333333,0.465058422,0.009002707,0.029226166,0.252281429,0.180147143
4/1/1973,0.633333333,-0.266666667,0.166666667,0.419686182,0.010338434,0.02648358,0.302735714,0.216498571
5/1/1973,0.666666667,-0.233333333,0.1,0.446456085,0.008898632,0.025026635,0.367908571,0.264555714
6/1/1973,0.633333333,-0.233333333,0,0.427853748,0.007814513,0.022227534,0.43749,0.310448571
7/1/1973,0.666666667,-0.166666667,0.1,0.433256387,0.011162476,0.023269066,0.47903,0.320191429
8/1/1973,0.666666667,-0.133333333,0.1,0.426627231,0.010929639,0.019364159,0.582807143,0.382901429
9/1/1973,0.633333333,-0.1,0.133333333,0.402484044,0.014122312,0.013197895,0.655024286,0.402742857
10/1/1973,0.7,-0.133333333,0.133333333,0.444403365,0.010553477,0.005746754,0.701308571,0.398572857
11/1/1973,0.6,-0.133333333,0.1,0.391074961,0.01071972,0.002110681,0.742802857,0.374894286
12/1/1973,0.466666667,-0.166666667,0.033333333,0.309661306,0.012007191,-0.001021826,0.766717143,0.329227143
1/1/1974,0.066666667,-0.333333333,-0.2,0.033028083,0.011962745,-0.004260437,0.804152857,0.325122857
2/1/1974,-0.166666667,-0.466666667,-0.333333333,-0.128468501,0.012611951,-0.007552063,0.863468571,0.280661429
3/1/1974,-0.233333333,-0.533333333,-0.366666667,-0.147895911,0.009447807,-0.008933777,0.836484286,0.18146
4/1/1974,-0.133333333,-0.533333333,-0.2,-0.147895911,0.012778564,-0.008508244,0.819527143,0.118218571
5/1/1974,-0.133333333,-0.5,-0.033333333,-0.117682934,0.014173659,-0.014130627,0.798217143,0.055414286
6/1/1974,-0.166666667,-0.6,-0.066666667,-0.16536039,0.01712011,-0.019807436,0.757437143,-0.00928
7/1/1974,-0.3,-0.733333333,-0.2,-0.194678206,0.01482481,-0.022628354,0.742277143,-0.061875714
8/1/1974,-0.466666667,-0.866666667,-0.366666667,-0.217028806,0.015879702,-0.024355437,0.715751429,-0.147717143
9/1/1974,-0.666666667,-1.033333333,-0.433333333,-0.236194541,0.014511191,-0.030687138,0.669698571,-0.166785714
10/1/1974,-0.866666667,-1.2,-0.466666667,-0.246906898,0.014256359,-0.036239544,0.646624286,-0.172902857
11/1/1974,-1.233333333,-1.566666667,-0.7,-0.247525349,0.009731195,-0.042211796,0.631302857,-0.166914286
12/1/1974,-1.633333333,-2,-0.966666667,-0.21853869,0.005848647,-0.046518333,0.62829,-0.129147143
1/1/1975,-2.133333333,-2.7,-1.5,-0.149036943,0.000419164,-0.046088191,0.612058571,-0.130218571
2/1/1975,-2.466666667,-3.2,-1.633333333,-0.107052976,-0.007689294,-0.04553096,0.574215714,-0.141535714
3/1/1975,-2.866666667,-3.666666667,-1.666666667,-0.078927351,-0.013151451,-0.035829039,0.522824286,-0.146874286
4/1/1975,-3.1,-3.9,-1.2,-0.067457039,-0.021128944,-0.025636741,0.483354286,-0.16327
5/1/1975,-3.433333333,-4.2,-1,-0.054663917,-0.021078759,-0.017702017,0.413998571,-0.217304286
6/1/1975,-3.4,-4.066666667,-0.6,-0.061767808,-0.021266125,-0.013450279,0.31141,-0.31688
7/1/1975,-3.2,-4,-0.3,0.003115391,-0.020922258,-0.006070615,0.25131,-0.360748571
8/1/1975,-2.866666667,-3.8,0.2,0.192270345,-0.019881442,0.006620241,0.170908571,-0.403307143
9/1/1975,-2.566666667,-3.666666667,0.4,0.319411021,-0.017676809,0.012131163,0.12564,-0.397184286
10/1/1975,-2.333333333,-3.6,0.4,0.385102553,-0.008717717,0.012406194,0.137634286,-0.34572
11/1/1975,-1.933333333,-3.466666667,0.233333333,0.418255632,-0.004269178,0.011837958,0.129664286,-0.284334286
12/1/1975,-1.433333333,-3.4,0.166666667,0.493463613,-0.001500908,0.012100341,0.13162,-0.17979
1/1/1976,-0.566666667,-3.233333333,0.266666667,0.673909008,-0.002362508,0.009907102,0.089434286,-0.161875714
2/1/1976,0.066666667,-3.033333333,0.433333333,0.884328,-0.001745991,0.011600466,0.076352857,-0.094555714
3/1/1976,0.7,-2.833333333,0.566666667,1.070377505,-0.003092502,0.011146332,0.057144286,-0.068495714
4/1/1976,1,-2.766666667,0.466666667,1.129017298,-0.002358676,0.011199605,0.04063,-0.097004286
5/1/1976,1.366666667,-2.566666667,0.366666667,1.207290822,-0.005100831,0.015059141,0.015215714,-0.114448571
6/1/1976,1.4,-2.566666667,0.166666667,1.207290822,-0.004960749,0.017547163,-0.005464286,-0.137084286
7/1/1976,1.233333333,-2.6,0.066666667,1.114729282,-0.00478564,0.018860353,-0.017608571,-0.107042857
8/1/1976,0.833333333,-2.633333333,-0.166666667,0.797408832,-0.00285918,0.018544781,-0.02455,-0.100902857
9/1/1976,0.6,-2.633333333,-0.166666667,0.673011993,-0.000783346,0.017706343,-0.028435714,-0.08558
10/1/1976,0.533333333,-2.6,-0.1,0.64238465,-0.001892675,0.0154437,-0.031725714,-0.072355714
11/1/1976,0.466666667,-2.6,0.033333333,0.61135593,-0.000743587,0.015637457,-0.045412857,-0.060628571
12/1/1976,0.333333333,-2.666666667,-0.033333333,0.485689276,-0.000281148,0.01124993,-0.052374286,-0.04691
1/1/1977,0.233333333,-2.5,0,0.390347031,0.004610368,0.013724848,-0.068957143,-0.051348571
2/1/1977,0.1,-2.433333333,0.066666667,0.270422494,0.005808253,0.012027089,-0.07691,-0.05236
3/1/1977,0,-2.2,0.266666667,0.240066536,0.006861136,0.011341677,-0.074055714,-0.04562
4/1/1977,8.88E-16,-2,0.3,0.322958929,0.003480286,0.008463712,-0.062424286,-0.030698571
5/1/1977,0.1,-1.8,0.433333333,0.486284397,0.003849073,0.009246802,-0.051677143,-0.006264286
6/1/1977,0.133333333,-1.633333333,0.366666667,0.529862982,0.001521225,0.005692604,-0.053294286,-0.00092
7/1/1977,0.2,-1.533333333,0.366666667,0.603161898,0.000750398,0.006542487,-0.064242857,0.004714286
8/1/1977,0.333333333,-1.533333333,0.166666667,0.603161898,-0.002231145,0.007896404,-0.077532857,-0.000622857
9/1/1977,0.433333333,-1.4,0.233333333,0.695226037,-0.003531295,0.008523749,-0.09784,-0.023784286
10/1/1977,0.433333333,-1.266666667,0.166666667,0.702154442,-0.002602232,0.011973782,-0.121164286,-0.05874
11/1/1977,0.466666667,-1.2,0.233333333,0.742907291,-0.001852531,0.012298637,-0.146114286,-0.094437143
12/1/1977,0.666666667,-1.066666667,0.233333333,0.81835874,-0.00042605,0.01387628,-0.163054286,-0.10976
1/1/1978,0.733333333,-0.833333333,0.333333333,0.813235831,-0.002530622,0.016799832,-0.165901429,-0.101658571
2/1/1978,0.833333333,-0.666666667,0.433333333,0.836958067,-0.000671037,0.019329259,-0.159294286,-0.081761429
3/1/1978,0.733333333,-0.633333333,0.333333333,0.762119051,0.002301187,0.018047317,-0.142834286,-0.044994286
4/1/1978,0.733333333,-0.533333333,0.3,0.735303593,0.007873704,0.016398645,-0.11592,0.005244286
5/1/1978,0.633333333,-0.333333333,0.233333333,0.62140822,0.009740007,0.014655555,-0.087741429,0.058372857
6/1/1978,0.7,-0.2,0.333333333,0.623145197,0.010384491,0.01250731,-0.058307143,0.104747143
7/1/1978,0.566666667,-0.233333333,0.2,0.543339109,0.009983123,0.010914154,-0.035598571,0.130302857
8/1/1978,0.6,-0.1,0.133333333,0.542478494,0.011828909,0.005272432,-0.018512857,0.140781429
9/1/1978,0.433333333,-0.133333333,-0.033333333,0.446622301,0.012498114,0.0002784,-0.001581429,0.141252857
10/1/1978,0.533333333,0,0.133333333,0.483333333,0.010389374,-0.00158396,0.016538571,0.132458571
11/1/1978,0.466666667,0,0.1,0.45,0.005817,-0.001116942,0.026321429,0.114062857
12/1/1978,0.333333333,0,0.133333333,0.383333333,0.00315766,0.0003614,0.036162857,0.09447
1/1/1979,0.166666667,-0.033333333,-0.033333333,0.288610622,0.005609902,-0.00014162,0.047074286,0.082672857
2/1/1979,0,-0.033333333,-0.033333333,0.203888529,0.007053026,-0.003826845,0.069051429,0.087564286
3/1/1979,0.033333333,0.033333333,0.033333333,0.229444804,0.006334922,-0.005591626,0.100144286,0.101725714
4/1/1979,-0.033333333,0.066666667,0.1,0.193335801,0.004640878,-0.005676541,0.126261429,0.109722857
5/1/1979,-0.033333333,0.166666667,0.2,0.183371807,0.005575874,-0.006967723,0.144755714,0.118434286
6/1/1979,-0.133333333,0.2,0.166666667,0.150055334,0.008668801,-0.0132675,0.165065714,0.128902857
7/1/1979,-0.066666667,0.233333333,0.166666667,0.162040961,0.010237332,-0.016645342,0.185431429,0.138357143
8/1/1979,-0.233333333,0.1,-0.066666667,0.040840965,0.008703995,-0.019405055,0.192735714,0.123684286
9/1/1979,-0.266666667,0.033333333,-0.166666667,-0.019721939,0.007672087,-0.017771495,0.20002,0.099875714
10/1/1979,-0.5,-0.066666667,-0.3,-0.145001851,0.008128331,-0.010817429,0.203151429,0.07689
11/1/1979,-0.466666667,-0.033333333,-0.133333333,-0.114166898,0.011418993,-0.011333386,0.209541429,0.064785714
12/1/1979,-0.5,-0.066666667,-0.1,-0.145001851,0.013602903,-0.018590488,0.219922857,0.054857143
1/1/1980,-0.566666667,-0.166666667,-0.1,-0.183371807,0.012370046,-0.019420332,0.224642857,0.039211429
2/1/1980,-0.7,-0.3,-0.266666667,-0.226963991,0.013390227,-0.006103433,0.230525714,0.03779
3/1/1980,-0.866666667,-0.4,-0.333333333,-0.254164482,0.012527107,-0.008380716,0.222201429,0.022181429
4/1/1980,-1.1,-0.5,-0.433333333,-0.314617224,0.01165314,-0.025247439,0.199944286,-0.003207143
5/1/1980,-1.6,-0.9,-0.7,-0.356495613,0.008140229,-0.040056572,0.181851429,-0.02769
6/1/1980,-2.066666667,-1.333333333,-1.033333333,-0.347680879,-0.003924655,-0.046220945,0.163464286,-0.056458571
7/1/1980,-2.4,-1.633333333,-1.133333333,-0.321302671,-0.011144477,-0.033522783,0.157414286,-0.067228571
8/1/1980,-2.333333333,-1.7,-0.8,-0.293484004,-0.018286977,-0.019712096,0.169132857,-0.061392857
9/1/1980,-2.233333333,-1.666666667,-0.333333333,-0.257926692,-0.015449431,-0.010633968,0.179484286,-0.042717143
10/1/1980,-2.033333333,-1.566666667,0.066666667,-0.171756051,-0.014516051,-0.003073352,0.203664286,0.00372
11/1/1980,-2,-1.5,0.2,-0.122285092,-0.014303966,0.010603955,0.241032857,0.059181429
12/1/1980,-1.866666667,-1.4,0.266666667,-0.04288126,-0.012481338,0.016969998,0.271404286,0.10794
1/1/1981,-1.766666667,-1.4,0.166666667,-0.023099649,-0.009280834,0.017607986,0.301065714,0.143651429
2/1/1981,-1.6,-1.366666667,0.133333333,0.028594938,-0.0073236,0.024984789,0.308527143,0.139394286
3/1/1981,-1.566666667,-1.433333333,-0.033333333,-0.002945114,-0.005628111,0.027093598,0.290694286,0.11121
4/1/1981,-1.266666667,-1.333333333,0.066666667,0.116336434,-0.004972545,0.034336096,0.269291429,0.065627143
5/1/1981,-0.9,-1.266666667,0,0.157470615,-0.003407012,0.039057334,0.256704286,0.015671429
6/1/1981,-0.466666667,-1.3,0.033333333,0.221472827,0.004307337,0.03400061,0.236221429,-0.035182857
7/1/1981,-0.166666667,-1.2,-0.066666667,0.215125754,0.005099825,0.036028759,0.191247143,-0.109818571
8/1/1981,-0.033333333,-1.066666667,0,0.239452913,0.007820402,0.042357509,0.164447143,-0.14408
9/1/1981,-0.1,-1.1,0,0.183420035,-0.001513478,0.044680208,0.143581429,-0.147112857
10/1/1981,-0.4,-1.333333333,-0.233333333,-0.062582558,-0.004892758,0.046242237,0.11801,-0.151281429
11/1/1981,-0.733333333,-1.633333333,-0.566666667,-0.098024544,-0.009993072,0.031750267,0.087494286,-0.16921
12/1/1981,-1.133333333,-1.933333333,-0.833333333,-0.11374388,-0.011798544,0.03867328,0.056622857,-0.179598571
1/1/1982,-1.333333333,-2.066666667,-0.833333333,-0.127362991,-0.014183919,0.052440782,0.024708571,-0.166538571
2/1/1982,-1.566666667,-2.266666667,-0.733333333,-0.125228661,-0.020083689,0.056334186,-0.005644286,-0.170091429
3/1/1982,-1.633333333,-2.233333333,-0.6,-0.145195238,-0.020534994,0.060156969,-0.032594286,-0.176175714
4/1/1982,-1.966666667,-2.266666667,-0.6,-0.16279726,-0.0186459,0.065775776,-0.052442857,-0.170452857
5/1/1982,-2.066666667,-2.433333333,-0.566666667,-0.150576393,-0.01101448,0.066880086,-0.061348571,-0.148842857
6/1/1982,-2.2,-2.633333333,-0.6,-0.13851567,-0.009088888,0.07557145,-0.06521,-0.121832857
7/1/1982,-2.166666667,-2.7,-0.533333333,-0.140640495,-0.008038728,0.075664664,-0.070514286,-0.095222857
8/1/1982,-2.3,-2.833333333,-0.5,-0.131466582,-0.009360096,0.069318814,-0.081197143,-0.075552857
9/1/1982,-2.433333333,-2.9,-0.466666667,-0.130383908,-0.004160801,0.065331546,-0.094717143,-0.062122857
10/1/1982,-2.4,-3.1,-0.5,-0.106331229,-0.005739763,0.049425465,-0.109402857,-0.05696
11/1/1982,-2.433333333,-3.233333333,-0.7,-0.094826051,-0.009800909,0.049958577,-0.124002857,-0.062654286
12/1/1982,-2.3,-3.466666667,-0.766666667,-0.073670851,-0.016279421,0.057132455,-0.144657143,-0.079447143
1/1/1983,-1.933333333,-3.466666667,-0.566666667,-0.066606522,-0.017672676,0.061204886,-0.165444286,-0.09493
2/1/1983,-1.433333333,-3.333333333,-0.1,0.064442942,-0.014275741,0.069331254,-0.17791,-0.096712857
3/1/1983,-1.1,-3.166666667,0.3,0.225860798,-0.013161239,0.071108196,-0.184811429,-0.090094286
4/1/1983,-0.766666667,-3.1,0.366666667,0.297695059,-0.011223926,0.073766125,-0.187361429,-0.077958571
5/1/1983,-0.3,-2.8,0.333333333,0.384502015,-0.009246602,0.077155179,-0.187697143,-0.063694286
6/1/1983,0,-2.733333333,0.233333333,0.458057017,-0.003421569,0.083754798,-0.191171429,-0.046514286
7/1/1983,0.433333333,-2.466666667,0.433333333,0.716556523,0.002699498,0.086987694,-0.19755,-0.032105714
8/1/1983,0.766666667,-2.266666667,0.533333333,0.906078504,0.008881461,0.089155681,-0.19509,-0.01718
9/1/1983,1.233333333,-1.966666667,0.766666667,1.140428418,0.009498647,0.082873337,-0.193148571,-0.008337143
10/1/1983,1.633333333,-1.666666667,0.7,1.261696343,0.011235207,0.079089047,-0.193238571,-0.005877143
11/1/1983,2.3,-1.333333333,0.833333333,1.450884367,0.010261547,0.076320474,-0.198035714,-0.010338571
12/1/1983,2.833333333,-1.033333333,0.833333333,1.573464793,0.010251493,0.074411791,-0.198022857,-0.006851429
1/1/1984,3.1,-0.766666667,0.9,1.638718527,0.007463162,0.070137553,-0.193011429,0.004538571
2/1/1984,3.2,-0.533333333,0.8,1.575650557,0.00555731,0.070357313,-0.186052857,0.009037143
3/1/1984,3.2,-0.366666667,0.666666667,1.476633207,0.002830604,0.073754481,-0.182294286,0.010854286
4/1/1984,3.233333333,-0.266666667,0.5,1.434561799,0.001343112,0.076906949,-0.170765714,0.022472857
5/1/1984,3.266666667,-0.133333333,0.4,1.368762365,0.000371367,0.084714201,-0.151795714,0.04624
6/1/1984,3.4,0.066666667,0.433333333,1.305016659,-0.000480151,0.085783114,-0.142995714,0.055027143
7/1/1984,3.2,0.133333333,0.4,1.166789904,-0.001075643,0.0846871,-0.140028571,0.052982857
8/1/1984,2.966666667,0.1,0.233333333,1.059214535,-0.002365386,0.078889844,-0.150371429,0.035681429
9/1/1984,2.633333333,0.066666667,0,0.90001234,-0.002666659,0.077748499,-0.158075714,0.024218571
10/1/1984,2.466666667,0.1,-0.033333333,0.821704129,-0.003983868,0.07535376,-0.174141429,-0.003375714
11/1/1984,2.233333333,0.2,0.1,0.690254537,-0.004024434,0.071373712,-0.179744286,-0.027948571
12/1/1984,1.933333333,0.2,0.133333333,0.555204737,-0.005906926,0.071572933,-0.192475714,-0.04948
1/1/1985,1.7,0.233333333,0.133333333,0.441929894,-0.003327023,0.073460685,-0.184375714,-0.044347143
2/1/1985,1.466666667,0.233333333,0.033333333,0.338812919,-0.00208654,0.074100735,-0.174164286,-0.023792857
3/1/1985,1.333333333,0.266666667,0.066666667,0.274692884,-0.000290683,0.077259473,-0.176032857,-0.017957143
4/1/1985,1.233333333,0.266666667,0.033333333,0.231320323,-0.000915302,0.074251368,-0.190107143,-0.015965714
5/1/1985,1.1,0.266666667,0.033333333,0.173490242,-0.001219033,0.068416037,-0.212944286,-0.0332
6/1/1985,0.6,0.2,-0.066666667,0.023366534,-0.000547502,0.061478506,-0.233405714,-0.04093
7/1/1985,0.466666667,0.166666667,-0.1,-0.008314097,-0.001356323,0.063598871,-0.256042857,-0.071667143
8/1/1985,0.366666667,0.2,-0.066666667,0.023366534,-0.003197285,0.06457236,-0.281761429,-0.107597143
9/1/1985,0.3,0.3,0.1,0.099296746,-0.002869683,0.066775791,-0.306292857,-0.13026
10/1/1985,0.366666667,0.3,0.233333333,0.127667245,-0.000699829,0.065768554,-0.320325714,-0.130218571
11/1/1985,0.2,0.333333333,0.233333333,0.111314612,0.001460755,0.05977219,-0.328205714,-0.115261429
12/1/1985,0.2,0.366666667,0.166666667,0.122804015,0.002898793,0.054215036,-0.334105714,-0.1007
1/1/1986,0.266666667,0.5,0.2,0.163600956,-0.000855573,0.052369761,-0.342737143,-0.086694286
2/1/1986,0.166666667,0.433333333,0.1,0.103776612,-0.003911263,0.049827763,-0.356947143,-0.075185714
3/1/1986,0,0.366666667,0,0.044050244,-0.007106622,0.043326299,-0.371965714,-0.065672857
4/1/1986,-0.133333333,0.233333333,-0.266666667,-0.075163713,-0.00671603,0.040576383,-0.393095714,-0.07277
5/1/1986,-0.133333333,0.233333333,-0.2,-0.075163713,-0.005739152,0.046643793,-0.41701,-0.088804286
6/1/1986,-0.066666667,0.233333333,-0.133333333,-0.075163713,-0.006244417,0.04926545,-0.444518571,-0.110412857
7/1/1986,0,0.166666667,0.033333333,-0.034680543,-0.00635492,0.0468208,-0.470444286,-0.127707143
8/1/1986,0.066666667,0.266666667,0.133333333,0.040156909,-0.004159514,0.047598713,-0.490647143,-0.1337
9/1/1986,0.033333333,0.333333333,0.2,0.058562271,-0.001623081,0.049924965,-0.505231429,-0.133265714
10/1/1986,-0.066666667,0.333333333,0.166666667,0.044647945,0.000213902,0.049743881,-0.509994286,-0.116898571
11/1/1986,-0.1,0.233333333,0.066666667,0.051181305,0.000745788,0.048184811,-0.48567,-0.06866
12/1/1986,8.88E-16,0.366666667,0.133333333,0.136448906,0.0026163,0.045779177,-0.48332,-0.038801429
1/1/1987,-8.88E-16,0.5,0.266666667,0.176185645,0.005956423,0.043627581,-0.47726,-0.006815714
2/1/1987,0.166666667,0.6,0.366666667,0.20079476,0.008358772,0.042228388,-0.456121429,0.034525714
3/1/1987,0.2,0.6,0.233333333,0.20079476,0.010109607,0.038820405,-0.436412857,0.068818571
4/1/1987,0.433333333,0.7,0.2,0.221208152,0.00843597,0.042917974,-0.397155714,0.112838571
5/1/1987,0.533333333,0.8,0.2,0.237686231,0.006001928,0.047392418,-0.380398571,0.105271429
6/1/1987,0.633333333,0.933333333,0.333333333,0.254024049,0.003358906,0.044318477,-0.351605714,0.131714286
7/1/1987,0.666666667,1,0.3,0.251011993,0.003335114,0.043859069,-0.290931429,0.186328571
8/1/1987,0.633333333,1.1,0.3,0.233090568,0.003109434,0.045557304,-0.256147143,0.199974286
9/1/1987,0.666666667,1.2,0.266666667,0.223759376,0.002672389,0.051409043,-0.20294,0.233472857
10/1/1987,0.633333333,1.233333333,0.233333333,0.225598547,0.001443223,0.051886679,-0.174271429,0.222884286
11/1/1987,0.7,1.3,0.2,0.228442685,-0.000213143,0.045114081,-0.148055714,0.232342857
12/1/1987,0.6,1.366666667,0.166666667,0.20315893,-0.000918912,0.047322186,-0.132072857,0.219532857
1/1/1988,0.533333333,1.466666667,0.233333333,0.181201467,-0.002131508,0.044305591,-0.1271,0.163831429
2/1/1988,0.366666667,1.5,0.2,0.164182971,-0.001975691,0.040745589,-0.128885714,0.127261429
3/1/1988,0.366666667,1.5,0.133333333,0.164182971,-0.001813758,0.043097877,-0.132014286,0.070925714
4/1/1988,0.266666667,1.6,0.133333333,0.151183453,-0.000984797,0.046619349,-0.121731429,0.05254
5/1/1988,0.166666667,1.633333333,0.133333333,0.1361452,0.00071157,0.050530385,-0.110617143,0.037438571
6/1/1988,0.033333333,1.733333333,0.233333333,0.120129365,0.001330793,0.047886306,-0.111488571,0.020584286
7/1/1988,-0.033333333,1.733333333,0.133333333,0.110118585,0.002268819,0.048688556,-0.088657143,0.038442857
8/1/1988,-0.133333333,1.733333333,0.1,0.095102414,0.003048842,0.049961566,-0.067,0.061885714
9/1/1988,-0.233333333,1.733333333,0,0.080086243,0.002948201,0.045437464,-0.058707143,0.073307143
10/1/1988,-0.266666667,1.733333333,0,0.075080853,0.003010532,0.043140355,-0.053538571,0.068192857
11/1/1988,-0.2,1.833333333,0.1,0.07351555,0.00201208,0.043951034,-0.050038571,0.060578571
12/1/1988,-0.166666667,1.866666667,0.133333333,0.066963944,0.001842397,0.044725384,-0.049678571,0.06181
1/1/1989,-0.233333333,1.866666667,0.133333333,0.053571155,0.001472389,0.044197958,-0.043765714,0.044891429
2/1/1989,-0.233333333,1.9,0.066666667,0.05204339,0.000789369,0.044578645,-0.037467143,0.029532857
3/1/1989,-0.033333333,2,0.133333333,0.059601461,0.000411564,0.046436015,-0.029091429,0.029615714
4/1/1989,-0.066666667,2.066666667,0.2,0.052443584,0.000966095,0.044686394,-0.01728,0.036258571
5/1/1989,-0.1,2.066666667,0.166666667,0.048697614,0.001019839,0.04051255,-0.003304286,0.046734286
6/1/1989,-0.266666667,1.966666667,-0.033333333,-0.05908421,0.000967115,0.034616176,0.01098,0.060658571
7/1/1989,-0.266666667,1.966666667,-0.1,-0.05908421,-0.001429071,0.032119279,0.018857143,0.062622857
8/1/1989,-0.266666667,1.966666667,-0.1,-0.05908421,-0.002950026,0.034441621,0.01587,0.053337143
9/1/1989,-0.233333333,1.966666667,0,-0.05908421,-0.002702538,0.036666203,0.016707143,0.045798571
10/1/1989,-0.233333333,1.933333333,-0.033333333,-0.09120597,-0.001813982,0.034721817,0.019265714,0.036545714
11/1/1989,-0.4,1.866666667,-0.1,-0.168750159,-0.001190988,0.033855603,0.012867143,0.016171429
12/1/1989,-0.433333333,1.833333333,-0.133333333,-0.20117028,-0.000143441,0.034357191,0.009412857,-0.001567143
1/1/1990,-0.466666667,1.8,-0.133333333,-0.228839716,0.001644796,0.036865258,0.012731429,-0.006125714
2/1/1990,-0.466666667,1.833333333,-0.033333333,-0.196575558,0.004401881,0.038210808,0.014961429,-0.000908571
3/1/1990,-0.466666667,1.9,0.066666667,-0.131971074,0.003192467,0.03745531,0.017898571,0.001191429
4/1/1990,-0.533333333,1.9,0.1,-0.131971074,0.00176211,0.039472791,0.013137143,-0.006128571
5/1/1990,-0.5,1.866666667,0.033333333,-0.164285896,0.002250693,0.039348698,0.009761429,-0.003105714
6/1/1990,-0.4,1.866666667,-0.033333333,-0.077678685,0.003593525,0.034104617,0.001897143,-0.007515714
7/1/1990,-0.433333333,1.833333333,-0.066666667,-0.110359724,0.007317996,0.032679266,-0.011497143,-0.024228571
8/1/1990,-0.533333333,1.733333333,-0.133333333,-0.198295602,0.006125837,0.031930702,-0.009225714,-0.024187143
9/1/1990,-0.766666667,1.5,-0.366666667,-0.381534756,0.00554493,0.03207878,0.005564286,-0.012334286
10/1/1990,-0.866666667,1.366666667,-0.466666667,-0.451543273,0.002306076,0.029634336,0.048081429,0.034944286
11/1/1990,-0.933333333,1.2,-0.533333333,-0.537967348,0.001676186,0.026024626,0.07805,0.068288571
12/1/1990,-1.033333333,0.966666667,-0.433333333,-0.603712163,0.000791143,0.022302594,0.091127143,0.08923
1/1/1991,-1.166666667,0.8,-0.466666667,-0.689974481,-0.00082985,0.022543193,0.115585714,0.127082857
2/1/1991,-1.3,0.666666667,-0.433333333,-0.748857218,-0.005023315,0.021454476,0.117882857,0.127108571
3/1/1991,-1.533333333,0.5,-0.466666667,-0.809197131,-0.007309102,0.027625909,0.093174286,0.08761
4/1/1991,-1.633333333,0.3,-0.4,-0.804219524,-0.007542642,0.029352295,0.052477143,0.004395714
5/1/1991,-1.7,0.2,-0.366666667,-0.806423196,-0.007161264,0.031197117,-0.009965714,-0.088015714
6/1/1991,-1.733333333,0.166666667,-0.233333333,-0.812355725,-0.00836834,0.036487174,-0.057782857,-0.14891
7/1/1991,-1.733333333,0.133333333,-0.166666667,-0.799926057,-0.010202652,0.040020634,-0.089145714,-0.204731429
8/1/1991,-1.633333333,0.133333333,-0.066666667,-0.746597654,-0.008498402,0.039699769,-0.126325714,-0.244208571
9/1/1991,-1.4,0.033333333,-0.033333333,-0.593054655,-0.006751206,0.038685576,-0.144002857,-0.237177143
10/1/1991,-1.333333333,-0.033333333,-0.066666667,-0.540834182,-0.002791819,0.039371841,-0.147938571,-0.200415714
11/1/1991,-1.2,-0.066666667,-0.1,-0.467228187,-0.001736882,0.037691588,-0.151371429,-0.141405714
12/1/1991,-1.2,-0.2,-0.233333333,-0.435160469,-0.001260706,0.034822458,-0.16168,-0.103897143
1/1/1992,-1.133333333,-0.3,-0.266666667,-0.383001735,-0.002283611,0.035632546,-0.170444286,-0.081298571
2/1/1992,-1.133333333,-0.433333333,-0.366666667,-0.35399758,-0.000946504,0.039175199,-0.176434286,-0.050108571
3/1/1992,-1,-0.466666667,-0.266666667,-0.295477551,0.00030915,0.040268962,-0.185018571,-0.041015714
4/1/1992,-0.9,-0.5,-0.2,-0.264278468,8.61E-05,0.039823396,-0.189604286,-0.041665714
5/1/1992,-0.7,-0.566666667,-0.133333333,-0.241337553,-0.001762328,0.039589141,-0.193031429,-0.04166
6/1/1992,-0.733333333,-0.7,-0.233333333,-0.254389375,-0.0014485,0.03923129,-0.188214286,-0.026534286
7/1/1992,-0.766666667,-0.8,-0.3,-0.258354599,-0.001474048,0.034871896,-0.183391429,-0.012947143
8/1/1992,-0.766666667,-0.8,-0.233333333,-0.258354599,-0.001572052,0.03306319,-0.177127143,-0.000692857
9/1/1992,-0.666666667,-0.733333333,-0.033333333,-0.203719731,-0.000377913,0.032403342,-0.169631429,0.015387143
10/1/1992,-0.466666667,-0.6,0.2,-0.071663499,-0.000143901,0.032749809,-0.157957143,0.031647143
11/1/1992,-0.333333333,-0.533333333,0.266666667,-0.004475837,0.000508461,0.036007091,-0.15137,0.041661429
12/1/1992,-0.1,-0.466666667,0.266666667,0.102090032,3.69E-05,0.035394882,-0.150101429,0.038112857
1/1/1993,0,-0.466666667,0.133333333,0.140630582,0.000933289,0.032812888,-0.146057143,0.037334286
2/1/1993,0.233333333,-0.366666667,0.166666667,0.255949756,0.000575803,0.028973801,-0.148887143,0.02824
3/1/1993,0.4,-0.233333333,0.233333333,0.316239727,0.000244655,0.026919078,-0.149144286,0.020487143
4/1/1993,0.5,-0.166666667,0.3,0.342994639,-0.000344871,0.026268233,-0.148975714,0.008981429
5/1/1993,0.566666667,-0.166666667,0.2,0.342994639,-0.000340546,0.027118673,-0.121985714,0.029384286
6/1/1993,0.7,-0.166666667,0.066666667,0.342994639,-0.00238007,0.027059625,-0.118207143,0.031894286
7/1/1993,0.866666667,-0.1,0.066666667,0.367485431,-0.002609255,0.027048303,-0.110817143,0.03524
8/1/1993,0.966666667,0,0.166666667,0.4,-0.002919097,0.026127928,-0.113695714,0.035191429
9/1/1993,1,0.1,0.266666667,0.395850677,-0.002388395,0.023978722,-0.072615714,0.076528571
10/1/1993,0.9,0.133333333,0.233333333,0.342258372,-0.002376443,0.024636698,-0.068231429,0.080744286
11/1/1993,0.9,0.2,0.2,0.330121735,-0.001383331,0.02890437,-0.066935714,0.05505
12/1/1993,0.9,0.266666667,0.166666667,0.318065444,-0.0018222,0.029462053,-0.060448571,0.057758571
1/1/1994,0.966666667,0.233333333,0.2,0.353543915,-0.001672892,0.030658898,-0.060727143,0.05009
2/1/1994,0.866666667,0.233333333,0.133333333,0.309350926,-0.000415417,0.033077263,-0.057504286,0.056191429
3/1/1994,0.733333333,0.233333333,0.066666667,0.25042694,-0.000517815,0.03697747,-0.05196,0.020655714
4/1/1994,0.733333333,0.3,0.066666667,0.24114924,-0.000766888,0.043376713,-0.04862,0.019611429
5/1/1994,0.9,0.366666667,0.233333333,0.300187593,-0.001454329,0.045944151,-0.053597143,0.013338571
6/1/1994,1.033333333,0.5,0.366666667,0.327201913,0.00085451,0.044631799,-0.05202,0.008428571
7/1/1994,1.066666667,0.6,0.4,0.318909324,0.002005724,0.045822203,-0.052605714,0.008121429
8/1/1994,1,0.533333333,0.266666667,0.308116481,0.002055773,0.044538427,-0.058862857,-0.001358571
9/1/1994,0.966666667,0.6,0.2,0.283474955,0.000433614,0.046176026,-0.063014286,-0.011054286
10/1/1994,1.033333333,0.7,0.2,0.287570597,0.000143018,0.049788589,-0.076355714,-0.027735714
11/1/1994,1.1,0.833333333,0.3,0.282744668,-0.000730514,0.051595409,-0.082584286,-0.028987143
12/1/1994,1.166666667,0.966666667,0.366666667,0.275545405,0.001585458,0.05040654,-0.08505,-0.03303
1/1/1995,1.166666667,1.033333333,0.333333333,0.262438379,0.001053818,0.048603131,-0.08315,-0.030544286
2/1/1995,1.233333333,1.1,0.266666667,0.266389221,0.001053417,0.045641591,-0.083042857,-0.02418
3/1/1995,1.266666667,1.133333333,0.166666667,0.267901118,0.001107124,0.043253122,-0.081955714,-0.018941429
4/1/1995,1.133333333,0.966666667,0.033333333,0.218063585,0.001119786,0.040296007,-0.074194286,0.002161429
5/1/1995,0.9,0.9,-0.1,0.117177098,0.00156355,0.036121805,-0.06728,0.015304286
6/1/1995,0.666666667,0.733333333,-0.2,0.03794003,-0.00052188,0.031389572,-0.061501429,0.023548571
7/1/1995,0.6,0.766666667,-0.1,0.034227055,-0.000872046,0.033017886,-0.062047143,0.021102857
8/1/1995,0.333333333,0.633333333,-0.066666667,0.00805306,-0.001292958,0.035593851,-0.06616,0.016882857
9/1/1995,0.1,0.633333333,0,-0.015063947,-0.000557322,0.03298253,-0.069988571,0.011967143
10/1/1995,0,0.7,0.033333333,0.010451965,-0.00114615,0.031175208,-0.071351429,0.002842857
11/1/1995,-0.1,0.633333333,0.1,0.00402653,-0.001948703,0.031140001,-0.071437143,-0.004157143
12/1/1995,-0.233333333,0.633333333,0.1,-0.03064898,-0.00178355,0.030031233,-0.064514286,-0.003012857
1/1/1996,-0.333333333,0.5,0,-0.0578252,-0.001158879,0.029058759,-0.052915714,0.009131429
2/1/1996,-0.366666667,0.533333333,0,-0.026052045,0.000265582,0.03109888,-0.034707143,0.031452857
3/1/1996,-0.366666667,0.566666667,0.033333333,0.005734599,-0.000364428,0.035365652,-0.016277143,0.053711429
4/1/1996,-0.3,0.566666667,0.066666667,0.048267511,0.000628352,0.038023187,0.006342857,0.077694286
5/1/1996,-0.266666667,0.433333333,0,0.019110753,0.001112588,0.039770528,0.030087143,0.101524286
6/1/1996,-0.133333333,0.5,0.033333333,0.062923445,0.001432614,0.040653064,0.044404286,0.108918571
7/1/1996,-0.133333333,0.533333333,0.066666667,0.073947955,0.000449485,0.040190573,0.058544286,0.11146
8/1/1996,0.033333333,0.6,0.266666667,0.129926021,5.38E-05,0.038321043,0.067397143,0.102104286
9/1/1996,0.066666667,0.633333333,0.233333333,0.13870204,-0.000346894,0.039799294,0.066912857,0.08319
10/1/1996,0.066666667,0.733333333,0.3,0.140600927,0.000552441,0.037137466,0.068472857,0.06213
11/1/1996,-0.066666667,0.633333333,0.033333333,0.050260543,0.000185227,0.033368601,0.068728571,0.038641429
12/1/1996,-0.133333333,0.466666667,-0.066666667,0.000342384,-0.000583509,0.034314068,0.082154286,0.03775
1/1/1997,-0.133333333,0.433333333,-0.2,-0.029556721,-0.000895608,0.038220975,0.110408571,0.051864286
2/1/1997,-0.1,0.5,-0.033333333,0.017682934,-0.001972032,0.036464209,0.111088571,0.043691429
3/1/1997,-0.066666667,0.466666667,0.1,0.087495534,-0.001540814,0.0401861,0.093345714,0.026432857
4/1/1997,0,0.533333333,0.2,0.147895911,-0.003078657,0.042861789,0.080964286,0.012491429
5/1/1997,0.1,0.633333333,0.233333333,0.17337755,-0.003108385,0.042442867,0.073168571,0.00444
6/1/1997,0.1,0.7,0.233333333,0.165906114,-0.003486951,0.041294485,0.05337,-0.028784286
7/1/1997,0.133333333,0.766666667,0.233333333,0.169173661,-0.003075998,0.03964874,0.019277143,-0.091131429
8/1/1997,0,0.8,0.166666667,0.144678575,-0.002808815,0.041418865,-0.015672857,-0.126761429
9/1/1997,0,0.833333333,0.133333333,0.151470358,-0.002220701,0.0413033,-0.028368571,-0.121714286
10/1/1997,-0.033333333,0.8,0.133333333,0.175681127,-0.001952635,0.03996944,-0.018387143,-0.099351429
11/1/1997,0.1,0.866666667,0.166666667,0.187433969,-0.001211554,0.0391715,-0.003894286,-0.077062857
12/1/1997,0.2,0.933333333,0.2,0.19757426,-0.000622851,0.038514854,-0.00221,-0.05558
1/1/1998,0.233333333,0.966666667,0.166666667,0.20206663,-0.000170857,0.035692291,-0.010088571,-0.029365714
2/1/1998,0.166666667,0.966666667,0.1,0.183696936,-0.00052813,0.036242357,-0.020821429,-0.005148571
3/1/1998,0.066666667,0.966666667,0.033333333,0.165327243,-0.001197443,0.037442984,-0.036512857,-0.008144286
4/1/1998,0.1,1.066666667,0.1,0.162157089,-0.000421656,0.037889735,-0.050114286,-0.031727143
5/1/1998,0.066666667,1.133333333,0.166666667,0.146127882,-0.00027326,0.037464013,-0.078565714,-0.074671429
6/1/1998,0.066666667,1.2,0.233333333,0.13888513,0.000346221,0.036216244,-0.113,-0.11079
7/1/1998,-0.066666667,1.133333333,0.066666667,0.063224784,0.000172176,0.035743513,-0.132618571,-0.12253
8/1/1998,-0.133333333,1.1,-0.033333333,0.024869947,-1.04E-05,0.034191836,-0.150398571,-0.129577143
9/1/1998,-0.2,1.066666667,-0.133333333,-0.013849163,0.000263124,0.029326689,-0.168787143,-0.132274286
10/1/1998,-0.233333333,1.066666667,-0.066666667,-0.03091833,0.000390391,0.026180389,-0.1805,-0.130385714
11/1/1998,-0.266666667,1.1,0,-0.016753369,0.001803405,0.028701445,-0.19507,-0.116504286
12/1/1998,-0.233333333,1.166666667,0.1,0.029988808,0.001537297,0.025923284,-0.210792857,-0.097792857
1/1/1999,-0.2,1.233333333,0.166666667,0.060159613,0.000297756,0.026543093,-0.223901429,-0.091282857
2/1/1999,-0.166666667,1.233333333,0.133333333,0.060159613,-0.001190173,0.030103689,-0.238438571,-0.08804
3/1/1999,-0.066666667,1.3,0.133333333,0.071388339,0.000674108,0.032913457,-0.244865714,-0.076078571
4/1/1999,-0.166666667,1.3,0.066666667,0.049971837,0.000749417,0.030468984,-0.243374286,-0.062874286
5/1/1999,-0.166666667,1.366666667,0.133333333,0.060947679,0.000146028,0.034754272,-0.23869,-0.04362
6/1/1999,-0.266666667,1.333333333,0.033333333,0.029249225,-0.001120605,0.039467429,-0.230537143,-0.019744286
7/1/1999,-0.2,1.333333333,0.033333333,0.029249225,1.67E-05,0.037689589,-0.217997143,0.005904286
8/1/1999,-0.133333333,1.333333333,-0.033333333,0.029249225,0.0036149,0.038737541,-0.192477143,0.045961429
9/1/1999,-0.066666667,1.366666667,0.033333333,0.060947679,0.002938327,0.036052529,-0.157177143,0.087688571
10/1/1999,-8.88E-16,1.433333333,0.1,0.070612609,0.002806546,0.037951262,-0.13161,0.111764286
11/1/1999,0,1.466666667,0.133333333,0.068731591,0.001043418,0.036830995,-0.099331429,0.139358571
12/1/1999,8.88E-16,1.533333333,0.166666667,0.065085718,0.002515727,0.038609111,-0.086445714,0.144091429
1/1/2000,-0.033333333,1.566666667,0.133333333,0.057564035,0.003818098,0.040935535,-0.069715714,0.148281429
2/1/2000,-8.88E-16,1.566666667,0.1,0.057564035,0.005278432,0.037912896,-0.045468571,0.147008571
3/1/2000,-0.066666667,1.566666667,0.033333333,0.046051228,0.001954729,0.033130679,-0.027244286,0.129932857
4/1/2000,1.33E-15,1.633333333,0.066666667,0.05445808,0.001267132,0.032280805,-0.020014286,0.111595714
5/1/2000,-0.033333333,1.666666667,0.1,0.052956368,0.001421298,0.035845764,-0.000372857,0.098958571
6/1/2000,0,1.666666667,0.1,0.052956368,0.00314036,0.030109381,0.026445714,0.112891429
7/1/2000,-0.066666667,1.6,-0.033333333,-0.010672795,0.001909598,0.029740446,0.058054286,0.12777
8/1/2000,-0.1,1.566666667,-0.1,-0.042435965,-0.000618427,0.027836166,0.070492857,0.115961429
9/1/2000,-0.066666667,1.6,-0.066666667,-0.016272182,-0.000404244,0.027727809,0.092295714,0.11954
10/1/2000,-0.1,1.633333333,0.033333333,0.004787323,0.000253802,0.02704469,0.122402857,0.142417143
11/1/2000,-0.066666667,1.7,0.133333333,0.036041895,-0.000360651,0.026482364,0.151271429,0.151644286
12/1/2000,-0.133333333,1.6,0.1,0.027996936,5.27E-05,0.02248846,0.187872857,0.161427143
1/1/2001,-0.266666667,1.5,-0.033333333,-0.075676597,2.39E-05,0.021191966,0.261491429,0.203437143
2/1/2001,-0.366666667,1.4,-0.2,-0.160436778,-0.001015159,0.020258453,0.295285714,0.224792857
3/1/2001,-0.5,1.266666667,-0.333333333,-0.260057201,-0.000984884,0.020003619,0.320191429,0.227895714
4/1/2001,-0.633333333,1.2,-0.3,-0.307409913,-0.000829803,0.02197685,0.331171429,0.208768571
5/1/2001,-0.7,1.066666667,-0.233333333,-0.322383746,0.001033471,0.023988256,0.32901,0.177738571
6/1/2001,-0.766666667,1,-0.166666667,-0.365529289,-0.001216681,0.022870148,0.30898,0.121107143
7/1/2001,-0.766666667,0.933333333,-0.166666667,-0.406725599,-0.002910062,0.024193531,0.266298571,0.004807143
8/1/2001,-0.933333333,0.733333333,-0.333333333,-0.517911181,-0.003538375,0.022698318,0.163758571,-0.131527143
9/1/2001,-1.133333333,0.466666667,-0.433333333,-0.573621532,-0.003735021,0.020908523,0.102051429,-0.21814
10/1/2001,-1.4,0.233333333,-0.6,-0.65108179,-0.004002148,0.021228552,0.040898571,-0.290272857
11/1/2001,-1.633333333,0.033333333,-0.6,-0.694721168,-0.005774338,0.023500466,-0.016674286,-0.345684286
12/1/2001,-1.866666667,-0.2,-0.666666667,-0.720265604,-0.006126179,0.030282861,-0.083131429,-0.392111429
1/1/2002,-1.9,-0.333333333,-0.566666667,-0.681801996,-0.005305644,0.032054731,-0.12109,-0.387388571
2/1/2002,-1.866666667,-0.4,-0.433333333,-0.642099744,-0.003545883,0.03140611,-0.13811,-0.301868571
3/1/2002,-1.733333333,-0.4,-0.2,-0.588591432,-0.000228679,0.035728743,-0.129421429,-0.231472857
4/1/2002,-1.733333333,-0.466666667,-0.133333333,-0.565261403,-3.20E-05,0.03398341,-0.127188571,-0.168087143
5/1/2002,-1.733333333,-0.5,-0.1,-0.553726314,0.000363238,0.033938104,-0.093885714,-0.077211429
6/1/2002,-1.7,-0.533333333,-0.133333333,-0.529960347,0.000871099,0.031865505,-0.075988571,0.007142857
7/1/2002,-1.566666667,-0.5,-0.033333333,-0.482638914,0.003129442,0.027512311,-0.057707143,0.063382857
8/1/2002,-1.333333333,-0.466666667,0.033333333,-0.382973085,0.003387151,0.021808663,-0.044158571,0.093951429
9/1/2002,-1.133333333,-0.433333333,0.1,-0.293330644,0.00282039,0.017878354,-0.023672857,0.105748571
10/1/2002,-0.866666667,-0.4,0.1,-0.174339461,0.001143709,0.017591922,-0.00985,0.117338571
11/1/2002,-0.733333333,-0.466666667,0,-0.151729784,0.001563124,0.018564954,0.003677143,0.097562857
12/1/2002,-0.6,-0.566666667,-0.133333333,-0.132735654,0.001426083,0.01791523,0.019768571,0.095757143
1/1/2003,-0.5,-0.6,-0.2,-0.094491652,0.001856296,0.017265839,0.059834286,0.117541429
2/1/2003,-0.433333333,-0.6,-0.133333333,-0.070868739,0.000924894,0.015208658,0.108884286,0.153042857
3/1/2003,-0.366666667,-0.566666667,0,-0.039067933,-0.003044998,0.014790336,0.186938571,0.210611429
4/1/2003,-0.366666667,-0.633333333,-0.033333333,-0.080909523,-0.004874765,0.019410836,0.217027143,0.226877143
5/1/2003,-0.366666667,-0.7,-0.1,-0.099543668,-0.005269875,0.016783423,0.234124286,0.230447143
6/1/2003,-0.433333333,-0.833333333,-0.266666667,-0.13127431,-0.002868099,0.015260211,0.250507143,0.230738571
7/1/2003,-0.433333333,-0.9,-0.266666667,-0.144525249,-0.002897565,0.022478936,0.268327143,0.208492857
8/1/2003,-0.366666667,-0.9,-0.2,-0.144525249,-0.00263981,0.028480988,0.26925,0.160365714
9/1/2003,-0.233333333,-0.833333333,0,-0.084803691,-0.00256361,0.027300021,0.242988571,0.05605
10/1/2003,-0.2,-0.766666667,0.133333333,-0.025266974,-0.001715746,0.028142545,0.201207143,-0.01582
11/1/2003,0,-0.666666667,0.233333333,0.08632776,-0.000204392,0.028696734,0.215307143,-0.018817143
12/1/2003,0.233333333,-0.533333333,0.3,0.231095415,0.001309376,0.027504413,0.225554286,-0.024952857
1/1/2004,0.366666667,-0.433333333,0.333333333,0.283112366,0.001853448,0.025433169,0.246272857,-0.022054286
2/1/2004,0.433333333,-0.366666667,0.3,0.315015084,0.002487457,0.024643286,0.276398571,0.007148571
3/1/2004,0.366666667,-0.4,0.133333333,0.285966752,0.004043419,0.020616956,0.28829,0.045301429
4/1/2004,0.466666667,-0.366666667,0.066666667,0.315015084,0.006292965,0.02338975,0.321407143,0.1202
5/1/2004,0.533333333,-0.366666667,0,0.315015084,0.006786442,0.024750321,0.338022857,0.122715714
6/1/2004,0.733333333,-0.3,0.1,0.34466551,0.004023946,0.022830514,0.350174286,0.12462
7/1/2004,0.833333333,-0.266666667,0.1,0.35864045,0.000990373,0.020865804,0.377021429,0.130748571
8/1/2004,0.9,-0.2,0.166666667,0.384883798,-2.36E-05,0.019359948,0.338757143,0.062358571
9/1/2004,0.9,-0.133333333,0.166666667,0.373298827,0.00248802,0.016854148,0.33934,0.05105
10/1/2004,0.833333333,-0.133333333,0.133333333,0.337746558,0.004833456,0.014377784,0.345947143,0.02454
11/1/2004,0.733333333,-0.133333333,0.066666667,0.284418154,0.002772896,0.013626492,0.35695,0.018927143
12/1/2004,0.6,-0.133333333,0,0.213313615,-0.0008236,0.015081252,0.361062857,0.010888571
1/1/2005,0.566666667,-0.066666667,0.066666667,0.189442182,-0.00133212,0.016401384,0.348327143,-0.028694286
2/1/2005,0.5,-0.066666667,0.066666667,0.172220166,0.000714893,0.014758612,0.346731429,0.007974286
3/1/2005,0.6,0,0.133333333,0.2,0.001997436,0.017066359,0.356517143,0.017177143
4/1/2005,0.6,-0.066666667,0.1,0.206664199,-0.001090449,0.015603948,0.361871429,0.015924286
5/1/2005,0.7,0.033333333,0.2,0.245833719,-0.003679179,0.015549061,0.35947,0.00252
6/1/2005,0.7,0.1,0.2,0.237510406,-0.001903944,0.015745539,0.340534286,-0.020528571
7/1/2005,0.733333333,0.166666667,0.233333333,0.244495742,0.001463695,0.015907892,0.348847143,0.00052
8/1/2005,0.733333333,0.233333333,0.2,0.235695944,0.005707843,0.015285365,0.368767143,0.022035714
9/1/2005,0.666666667,0.233333333,0.133333333,0.206233951,0.004320737,0.012037696,0.42294,0.066422857
10/1/2005,0.666666667,0.133333333,0.066666667,0.217800782,0.001523516,0.014387155,0.483955714,0.122084286
11/1/2005,0.633333333,0.1,-0.033333333,0.188343046,-1.50E-05,0.016561849,0.535855714,0.176385714
12/1/2005,0.666666667,0.133333333,0,0.217800782,0.002036108,0.014752699,0.587371429,0.246837143
1/1/2006,0.7,0.133333333,0.1,0.233357981,0.002562715,0.011951047,0.648371429,0.299524286
2/1/2006,0.766666667,0.2,0.2,0.255094068,-0.000518997,0.014299135,0.665284286,0.296517143
3/1/2006,0.766666667,0.266666667,0.233333333,0.245777843,-0.003113239,0.017771696,0.657255714,0.234315714
4/1/2006,0.7,0.266666667,0.133333333,0.231320323,-0.001214843,0.020764285,0.618651429,0.134695714
5/1/2006,0.666666667,0.333333333,0.133333333,0.208714897,0.001800933,0.020913977,0.519834286,-0.016021429
6/1/2006,0.433333333,0.366666667,0.1,0.191028468,0.001968624,0.019870763,0.386418571,-0.200952857
7/1/2006,0.233333333,0.366666667,0.1,0.163738687,0.001564939,0.019795661,0.321277143,-0.327094286
8/1/2006,0.133333333,0.233333333,0,0.128707628,-0.003153215,0.017049039,0.268895714,-0.396388571
9/1/2006,0.1,0.266666667,0,0.159032722,-0.005137749,0.019123978,0.25017,-0.407085714
10/1/2006,0.166666667,0.366666667,0.1,0.191028468,-0.006071209,0.021333411,0.204288571,-0.414362857
11/1/2006,0.233333333,0.433333333,0.2,0.209776343,-0.002440638,0.020320247,0.202015714,-0.317818571
12/1/2006,0.233333333,0.466666667,0.2,0.205549601,-0.002989772,0.019964616,0.17628,-0.210138571
1/1/2007,0.033333333,0.4,0.033333333,0.107235347,-0.003732377,0.024623183,0.181448571,-0.139828571
2/1/2007,-0.033333333,0.3,-0.033333333,0.089371077,-0.003831523,0.025252624,0.206575714,-0.06232
3/1/2007,-0.1,0.3,-0.066666667,0.061000578,-0.001030464,0.02379614,0.227102857,-0.023067143
4/1/2007,-0.066666667,0.233333333,0.033333333,0.099245635,0.001535411,0.024953647,0.255714286,0.051425714
5/1/2007,-0.1,0.266666667,0.066666667,0.101202641,0.002621603,0.024017212,0.30856,0.106544286
6/1/2007,-0.2,0.2,0,0.038372067,0.002956807,0.026574537,0.33129,0.15501
7/1/2007,-0.266666667,0.133333333,-0.1,-0.024432942,0.001274901,0.02509684,0.333152857,0.151704286
8/1/2007,-0.3,0.066666667,-0.2,-0.087220783,0.002965247,0.021942312,0.352418571,0.145842857
9/1/2007,-0.366666667,0.033333333,-0.166666667,-0.118610931,0.004301142,0.01780929,0.307134286,0.080031429
10/1/2007,-0.466666667,0.033333333,-0.1,-0.118610931,0.006620293,0.016095698,0.319904286,0.06419
11/1/2007,-0.566666667,0,-0.066666667,-0.133333333,0.003752964,0.010122018,0.333725714,0.025165714
12/1/2007,-0.7,-0.1,-0.133333333,-0.174174298,0.002969954,0.009856326,0.345272857,0.013982857
1/1/2008,-0.733333333,-0.2,-0.233333333,-0.210077468,0.000910857,0.005225743,0.399805714,0.066652857
2/1/2008,-0.8,-0.266666667,-0.266666667,-0.231320323,0.001882737,0.005111161,0.466764286,0.114345714
3/1/2008,-0.833333333,-0.3,-0.2,-0.24114924,0.001061035,0.002073589,0.562821429,0.255687143
4/1/2008,-0.866666667,-0.3,-0.1,-0.24114924,0.001416941,0.003564709,0.669118571,0.349214286
5/1/2008,-1.066666667,-0.466666667,-0.2,-0.282630701,0.003448906,0.00509422,0.775397143,0.441671429
6/1/2008,-1.166666667,-0.533333333,-0.333333333,-0.308116481,0.005368383,0.004524682,0.866758571,0.521485714
7/1/2008,-1.366666667,-0.7,-0.6,-0.342872635,0.004700177,0.001496326,0.96321,0.563404286
8/1/2008,-1.533333333,-0.933333333,-0.666666667,-0.338698732,0.000817818,0.000494043,0.988857143,0.522092857
9/1/2008,-1.666666667,-1.1,-0.666666667,-0.332986526,-0.005754396,-0.000393135,0.975118571,0.412297143
10/1/2008,-1.9,-1.333333333,-0.633333333,-0.326820026,-0.015375101,0.005250722,0.882598571,0.21348
11/1/2008,-2.1,-1.466666667,-0.633333333,-0.331161301,-0.022826271,0.012269144,0.740925714,-0.034471429
12/1/2008,-2.4,-1.866666667,-0.866666667,-0.276784303,-0.024606322,0.009733136,0.559327143,-0.307431429
1/1/2009,-2.733333333,-2.3,-1.066666667,-0.218695106,-0.019175519,0.016957044,0.361808571,-0.601401429
2/1/2009,-3.166666667,-2.8,-1.333333333,-0.162418498,-0.016529728,0.024844663,0.134221429,-0.854635714
3/1/2009,-3.6,-3.266666667,-1.4,-0.11999313,-0.013122874,0.030262863,-0.044588571,-1.019707143
4/1/2009,-4,-3.666666667,-1.366666667,-0.091389564,-0.009374757,0.034179919,-0.195322857,-1.077921429
5/1/2009,-4.2,-4.033333333,-1.233333333,-0.067306355,-0.000544443,0.038419421,-0.27479,-1.015715714
6/1/2009,-4.266666667,-4.3,-1.033333333,-0.053101441,0.003926048,0.039807306,-0.296182857,-0.85551
7/1/2009,-4.166666667,-4.466666667,-0.8,-0.043906455,0.008992905,0.036553871,-0.312045714,-0.673854286
8/1/2009,-4,-4.433333333,-0.5,-0.04342129,0.010321243,0.032426515,-0.309485714,-0.443707143
9/1/2009,-3.9,-4.533333333,-0.333333333,-0.038624429,0.015293614,0.026286063,-0.294664286,-0.250075714
10/1/2009,-3.8,-4.6,-0.333333333,-0.03549476,0.01786378,0.019560256,-0.254798571,-0.059475714
11/1/2009,-3.666666667,-4.7,-0.366666667,-0.030945659,0.01562445,0.012662735,-0.204884286,0.069905714
12/1/2009,-3.2,-4.633333333,-0.3,-0.029527966,0.007492547,0.012561613,-0.162201429,0.133981429
1/1/2010,-2.633333333,-4.566666667,-0.066666667,0.039581122,-0.00164538,0.015467709,-0.122908571,0.189137143
2/1/2010,-2.066666667,-4.433333333,0.066666667,0.074964301,-0.004854872,0.017208114,-0.067141429,0.242344286
3/1/2010,-1.533333333,-4.433333333,0.1,0.08044086,-0.005752679,0.018816485,-0.022387143,0.272277143
4/1/2010,-1.066666667,-4.466666667,0,0.052283518,-0.006388177,0.022420389,-0.018788571,0.23601
5/1/2010,-0.533333333,-4.4,0.033333333,0.122417742,-0.008972643,0.020896292,0.009795714,0.21468
6/1/2010,0,-4.233333333,0.2,0.290945483,-0.007273758,0.022489128,0.017547143,0.179748571
7/1/2010,0.333333333,-4.066666667,0.4,0.458805309,-0.005712671,0.021294146,0.021544286,0.144452857
8/1/2010,0.433333333,-3.933333333,0.366666667,0.490398823,-0.002452993,0.019408963,0.014877143,0.082018571
9/1/2010,0.5,-3.966666667,0.166666667,0.457374404,-0.001613516,0.019442122,-0.010648571,0.011738571
10/1/2010,0.666666667,-3.966666667,0,0.457374404,0.000769478,0.018207662,-0.004617143,0.014171429
11/1/2010,0.666666667,-3.966666667,-0.133333333,0.357374404,0.003795805,0.019239485,0.007651429,-0.002144286
12/1/2010,0.766666667,-3.9,-0.033333333,0.42341318,0.006729683,0.022046317,0.043381429,0.025834286
1/1/2011,0.8,-3.8,0.066666667,0.456455407,0.008612066,0.019977979,0.097984286,0.07644
2/1/2011,1.033333333,-3.533333333,0.433333333,0.71252241,0.009364413,0.018827419,0.152495714,0.137618571
3/1/2011,1.133333333,-3.433333333,0.466666667,0.807275166,0.009361956,0.013881903,0.206028571,0.216677143
4/1/2011,1.166666667,-3.333333333,0.366666667,0.804629004,0.00904514,0.011316023,0.265478571,0.270095714
5/1/2011,1.1,-3.333333333,0.1,0.740258683,0.00707206,0.005682278,0.315242857,0.307591429
6/1/2011,0.9,-3.366666667,-0.033333333,0.546654499,0.005173319,0.002709843,0.364375714,0.320994286
7/1/2011,0.766666667,-3.333333333,0,0.514962562,0.003846113,0.001542704,0.3912,0.293215714
8/1/2011,0.733333333,-3.333333333,0,0.514962562,0.002607502,-0.006863835,0.399994286,0.247498571
9/1/2011,0.8,-3.3,0.066666667,0.546509659,0.000382158,-0.010097659,0.406912857,0.200884286
10/1/2011,0.866666667,-3.233333333,0.1,0.609310734,-0.001993265,-0.007339454,0.385064286,0.119585714
11/1/2011,1.1,-3.1,0.233333333,0.733617771,-0.003283734,-0.00777057,0.365465714,0.050222857
12/1/2011,1.2,-2.933333333,0.366666667,0.822873859,-0.002963174,-0.006813925,0.342445714,-0.02193
1/1/2012,1.266666667,-2.666666667,0.466666667,0.872695442,-0.003521677,-0.00617628,0.322892857,-0.068307143
2/1/2012,1.1,-2.566666667,0.433333333,0.711992023,-0.003474478,-0.004648893,0.299694286,-0.1003
3/1/2012,1.1,-2.466666667,0.366666667,0.737417392,-0.003592357,-0.001439447,0.277855714,-0.129057143
4/1/2012,1.133333333,-2.433333333,0.233333333,0.766111729,-0.00403255,-0.001783922,0.22949,-0.155574286
5/1/2012,1.166666667,-2.4,0.166666667,0.794583663,-0.003799564,-0.002316343,0.188331429,-0.177134286
6/1/2012,1.2,-2.4,0.066666667,0.794583663,-0.004598291,-0.003139884,0.143634286,-0.198811429
7/1/2012,1.166666667,-2.4,0.033333333,0.764022753,-0.00263489,-0.002385631,0.09776,-0.225132857
8/1/2012,1.2,-2.366666667,0.033333333,0.792349911,-0.000898021,-0.000881452,0.063902857,-0.235791429
9/1/2012,1.3,-2.133333333,0.166666667,0.86429767,0.001123783,-0.001241862,0.057818571,-0.220037143
10/1/2012,1.366666667,-2,0.3,0.910156981,0.000396069,-0.001309414,0.008192857,-0.221297143
11/1/2012,1.366666667,-1.866666667,0.4,0.894941182,-0.00012941,-0.001577521,-0.023091429,-0.211422857
12/1/2012,1.166666667,-1.8,0.233333333,0.710395744,0.000252412,-0.001112452,-0.001707143,-0.145341429
1/1/2013,0.6,-1.866666667,0.033333333,0.506250478,0.002579534,3.82E-05,0.030817143,-0.066942857
2/1/2013,0.4,-1.866666667,-0.1,0.419643267,0.000467126,-0.000857056,0.050692857,-0.01321
3/1/2013,0.366666667,-1.633333333,0.066666667,0.446200406,-0.002636392,0.000820421,0.05356,-0.004258571
4/1/2013,0.3,-1.5,0.266666667,0.517797168,-0.004644807,0.001174566,0.05225,0.044057143
5/1/2013,0.333333333,-1.433333333,0.333333333,0.538280104,-0.002734414,0.003287751,0.057657143,0.080748571
6/1/2013,0.266666667,-1.433333333,0.2,0.538280104,-0.000676503,0.006954835,0.058088571,0.059795714
7/1/2013,0.333333333,-1.333333333,0.166666667,0.606733462,-0.002047919,0.010051069,0.059354286,0.028537143
8/1/2013,0.4,-1.233333333,0.2,0.645334544,-0.003358733,0.01343567,0.054468571,0.003775714
9/1/2013,0.333333333,-1.133333333,0.3,0.605162823,-0.00305532,0.015413568,0.049711429,-0.003848571
10/1/2013,0.233333333,-0.7,0.233333333,0.467731441,0.000567094,0.013506389,0.057311429,0.005061429
11/1/2013,0.166666667,-0.3,0.233333333,0.44040593,0.003197736,0.012668576,0.040247143,-0.01741
12/1/2013,0.333333333,-0.133333333,0.3,0.497731769,0.003536743,0.013115832,0.025758571,-0.03233
1/1/2014,0.6,0.066666667,0.466666667,0.547784771,0.001065642,0.012369646,0.003401429,-0.055952857
2/1/2014,0.633333333,0.133333333,0.433333333,0.560059154,0.001608897,0.011502935,-0.001362857,-0.055831429
3/1/2014,0.466666667,0.133333333,0.266666667,0.497830359,0.003051132,0.009706934,0.01025,-0.039461429
4/1/2014,0.433333333,0.266666667,0.2,0.462640646,0.004510567,0.007818514,0.026045714,-0.031265714
5/1/2014,0.466666667,0.4,0.266666667,0.454820652,0.002238844,0.005492368,0.04507,0.004822857
6/1/2014,0.666666667,0.6,0.466666667,0.472458258,1.88E-05,0.006268091,0.065921429,0.040162857
7/1/2014,0.566666667,0.6,0.333333333,0.437023889,-0.001671899,0.006099756,0.072581429,0.06918
8/1/2014,0.5,0.666666667,0.266666667,0.407092357,-0.001664686,0.005764267,0.067164286,0.068527143
9/1/2014,0.466666667,0.733333333,0.133333333,0.378540957,-0.001912061,0.007232776,0.044741429,0.034491429
10/1/2014,0.533333333,0.9,0.3,0.375765647,-0.003263895,0.005611817,0.008591429,-0.017454286
11/1/2014,0.533333333,1,0.333333333,0.349623848,-0.006006987,0.008128162,-0.036594286,-0.081664286
12/1/2014,0.466666667,1.1,0.366666667,0.308012536,-0.009492574,0.010039764,-0.096168571,-0.16209
1/1/2015,0.266666667,1.1,0.2,0.258064558,-0.008361226,0.01090439,-0.182781429,-0.255362857
2/1/2015,0.3,1.2,0.2,0.246906898,-0.006049489,0.012989388,-0.272447143,-0.339611429
3/1/2015,0.333333333,1.266666667,0.166666667,0.249138851,-0.002695853,0.014389252,-0.354041429,-0.398782857
4/1/2015,0.3,1.366666667,0.266666667,0.223474824,-0.001308542,0.014200243,-0.436128571,-0.44472
5/1/2015,0.133333333,1.333333333,0.133333333,0.168321576,0.001002545,0.01649793,-0.496902857,-0.460308571
6/1/2015,-0.033333333,1.366666667,0.1,0.15575518,0.004584046,0.016586707,-0.550894286,-0.454725714
7/1/2015,0,1.433333333,0.066666667,0.160483203,0.00636153,0.013416197,-0.594028571,-0.411247143
8/1/2015,0.1,1.6,0.266666667,0.156782841,0.005659574,0.0098364,-0.615012857,-0.342565714
9/1/2015,0.133333333,1.7,0.333333333,0.149316423,0.004281823,0.009027133,-0.631851429,-0.27781
10/1/2015,0.033333333,1.766666667,0.333333333,0.126496371,0.003643606,0.006634374,-0.649204286,-0.213075714
11/1/2015,-0.066666667,1.766666667,0.166666667,0.111900636,0.00305073,0.007092794,-0.680568571,-0.183665714
12/1/2015,-0.166666667,1.766666667,0.066666667,0.097304901,0.001893929,0.006676403,-0.731168571,-0.180274286
1/1/2016,-0.1,1.833333333,0.066666667,0.101083882,-0.001521012,0.004940445,-0.78493,-0.190901429
2/1/2016,-0.133333333,1.9,0.133333333,0.091075932,-0.002155388,0.003813806,-0.828902857,-0.21389
3/1/2016,-0.2,1.9,0.133333333,0.082402034,-0.001626028,0.005331791,-0.861378571,-0.229527143
4/1/2016,-0.4,1.8,-0.033333333,-0.01961773,0.000649548,0.003766473,-0.884037143,-0.234832857
5/1/2016,-0.333333333,1.833333333,-0.066666667,0.011443606,0.002083619,0.003464258,-0.891541429,-0.210972857
6/1/2016,-0.333333333,1.866666667,-0.033333333,0.038094874,0.001715689,0.000748172,-0.880992857,-0.149824286
7/1/2016,-0.3,1.966666667,0.166666667,0.065465264,0.003672587,-0.001049216,-0.850532857,-0.065602857
8/1/2016,-0.5,1.933333333,0.1,0.013006766,0.004787069,-0.002708329,-0.825368571,0.003534286
9/1/2016,-0.633333333,1.9,0.033333333,-0.031971074,0.005011934,-0.004138896,-0.802648571,0.05873
10/1/2016,-0.733333333,1.866666667,-0.1,-0.073214422,0.002722771,-0.00346115,-0.784771429,0.099265714
11/1/2016,-0.666666667,1.933333333,0,-0.008056915,0.001390097,0.0003689,-0.772427143,0.119114286
12/1/2016,-0.566666667,2.033333333,0.133333333,0.030865952,0.002325157,0.003071007,-0.71231,0.168682857
1/1/2017,-0.566666667,2.1,0.233333333,0.032729046,0.003017233,0.000913692,-0.684365714,0.166167143
2/1/2017,-0.6,2.133333333,0.2,0.035299654,0.000384387,0.000151667,-0.662745714,0.162622857
3/1/2017,-0.5,2.233333333,0.2,0.041945291,-0.002504476,0.00258662,-0.635242857,0.167405714
4/1/2017,-0.3,2.333333333,0.233333333,0.047146495,-0.004688048,0.002118168,-0.578145714,0.206625714
5/1/2017,-0.266666667,2.4,0.266666667,0.047131195,-0.004001984,0.003639715,-0.534441429,0.237985714
6/1/2017,-0.233333333,2.433333333,0.2,0.045710691,-0.003918756,0.003688604,-0.399612857,0.312697143
7/1/2017,-0.266666667,2.466666667,0.133333333,0.046936956,-0.003101461,0.006236924,-0.178502857,0.505862857
8/1/2017,-0.233333333,2.466666667,0.066666667,0.046936956,-0.001621299,0.005841176,-0.170054286,0.492691429
9/1/2017,-0.2,2.466666667,0.033333333,0.046936956,-0.000307712,0.005409903,-0.16803,0.467212857
10/1/2017,-0.1,2.5,0.033333333,0.048043514,0.001306001,0.006944636,-0.121627143,0.456518571
11/1/2017,-0.066666667,2.566666667,0.1,0.04516601,0.001928078,0.005935175,-0.107797143,0.426644286
12/1/2017,-0.1,2.633333333,0.166666667,0.040214227,0.004158842,0.005481825,-0.097014286,0.302598571
1/1/2018,-0.066666667,2.7,0.2,0.037784014,0.005129547,0.004985795,-0.076842857,0.10166
2/1/2018,-0.066666667,2.733333333,0.166666667,0.036620911,0.005677505,0.005905628,-0.062664286,0.10739
3/1/2018,-0.133333333,2.766666667,0.133333333,0.031547868,0.004452251,0.00420432,-0.03621,0.13182
4/1/2018,-0.233333333,2.766666667,0.066666667,0.025632643,0.004021709,0.003433543,-0.006138571,0.115488571
5/1/2018,-0.2,2.866666667,0.133333333,0.025118876,0.002490507,0.003083919,0.009532857,0.11733
6/1/2018,-0.233333333,2.866666667,0.1,0.023324671,0.000539281,0.002413813,0.015727143,0.112741429
7/1/2018,-0.2,2.933333333,0.166666667,0.023580742,-0.002922041,0.003094262,0.022205714,0.099048571
8/1/2018,-0.2,2.933333333,0.066666667,0.023580742,-0.004136204,0.00510596,0.018358571,0.081022857
9/1/2018,-0.066666667,3.033333333,0.166666667,0.026034083,-0.00368613,0.007450017,0.014615714,0.050825714
10/1/2018,-0.1,3.033333333,0.1,0.024502667,-0.003253906,0.009380392,0.024207143,0.030345714
11/1/2018,-0.166666667,3.033333333,0.1,0.021439833,-0.002930135,0.010659865,0.022992857,0.01346
12/1/2018,-0.266666667,2.866666667,-0.066666667,-0.045136202,-0.004124848,0.008680151,0.02146,0.005732857
1/1/2019,-0.4,2.8,-0.133333333,-0.114225275,-0.002370874,0.00910524,0.007595714,-0.01461
2/1/2019,-0.433333333,2.8,-0.133333333,-0.116136081,-0.000549974,0.008630739,-0.014,-0.032358571
3/1/2019,-0.4,2.733333333,-0.033333333,-0.08372404,0.001647168,0.006630125,-0.021137143,-0.035752857
4/1/2019,-0.3,2.533333333,0.133333333,0.019614447,0.00110874,0.005658071,-0.031811429,-0.056018571
5/1/2019,-0.333333333,2.5,0.2,0.017700242,0.000373109,0.004721999,-0.059401429,-0.082394286
6/1/2019,-0.266666667,2.566666667,0.233333333,0.021394426,0.000852377,0.001257016,-0.077327143,-0.098787143
7/1/2019,-0.3,2.466666667,0.133333333,0.020860869,0.001523278,0.000105694,-0.092671429,-0.100267143
8/1/2019,-0.3,2.466666667,0.066666667,0.020860869,0.001126171,-0.004501279,-0.101961429,-0.087961429
9/1/2019,-0.366666667,2.3,0.033333333,0.027336888,-1.45E-05,-0.003569154,-0.112402857,-0.091265714
10/1/2019,-0.333333333,2.233333333,0.066666667,0.032265608,0.000736951,-0.003379788,-0.121704286,-0.089892857
11/1/2019,-0.333333333,2.133333333,0.066666667,0.035299654,0.001875737,-0.003438231,-0.12771,-0.068308571
12/1/2019,-0.266666667,2.1,0,0.003032274,0.002947437,-0.003844891,-0.127185714,-0.049858571
1/1/2020,-0.2,2,-0.033333333,0.006400974,0.001859553,-0.005827225,-0.11845,-0.025778571
2/1/2020,-0.166666667,2.033333333,0,0.03858244,-0.002075603,-0.008397784,-0.133437143,-0.031475714
3/1/2020,-0.433333333,1.666666667,-0.233333333,-0.219005935,-0.009398856,-0.011669288,-0.161405714,-0.049002857
4/1/2020,-4.266666667,-2.066666667,-3.966666667,-0.449516437,-0.012835689,-0.00742837,-0.21767,-0.095965714
5/1/2020,-7.566666667,-5.3,-7.233333333,-0.035926532,-0.011337043,-0.003862094,-0.262055714,-0.134345714
6/1/2020,-9.833333333,-7.5,-9.166666667,-0.005214545,-0.005562905,-0.001732245,-0.299195714,-0.17201
7/1/2020,-8.266666667,-5.966666667,-3.9,1.50921967,-0.002769554,-0.002265465,-0.318937143,-0.200487143
8/1/2020,-6.666666667,-4.366666667,0.933333333,3.015092378,-0.00113287,-0.00129254,-0.326754286,-0.193317143
9/1/2020,-5.633333333,-3.3,4.2,3.864445115,0.001443363,-0.001099375,-0.327885714,-0.16648
10/1/2020,-4.466666667,-2.2,3.766666667,4.359020386,0.005874254,-0.002008828,-0.297978571,-0.080308571
11/1/2020,-3.9,-1.633333333,2.733333333,4.325503007,0.009640958,-0.004966794,-0.22812,0.033935714
12/1/2020,-3.5,-1.266666667,2.033333333,4.159618781,0.009554269,-0.008240333,-0.174607143,0.124588571
1/1/2021,-3.333333333,-1.1,1.1,4.044120329,0.00808761,-0.008663098,-0.121715714,0.197221429
2/1/2021,-3.166666667,-0.933333333,0.7,3.904118304,0.008819738,-0.009154404,-0.045594286,0.28116
3/1/2021,-2.7,-0.733333333,0.533333333,3.792416294,0.014751689,-0.01026007,0.016552857,0.344438571
4/1/2021,1.133333333,-0.633333333,0.466666667,4.485614985,0.017458645,-0.017814786,0.047294286,0.345272857
5/1/2021,4.5,-0.5,0.433333333,4.357215318,0.017438015,-0.023013049,0.092385714,0.320505714
6/1/2021,6.766666667,-0.433333333,0.3,4.287130116,0.012090562,-0.028598085,0.15243,0.327037143
7/1/2021,5.466666667,-0.3,0.433333333,3.312618514,0.009551431,-0.033105348,0.214165714,0.335881429
8/1/2021,4.1,-0.066666667,0.533333333,2.273306185,0.008664271,-0.03596448,0.267634286,0.313228571
9/1/2021,3.433333333,0.333333333,0.866666667,1.558404563,0.012077535,-0.038762356,0.299234286,0.282681429
10/1/2021,2.633333333,0.533333333,0.933333333,1.084570013,0.013883224,-0.042582884,0.363285714,0.315991429
11/1/2021,2.366666667,0.766666667,1.033333333,0.856441658,0.012572696,-0.047047704,0.435302857,0.342917143
12/1/2021,2.266666667,0.933333333,0.9,0.733847252,0.009254912,-0.050335051,0.465465714,0.313035714
1/1/2022,2.266666667,1.1,0.766666667,0.649323725,0.007965235,-0.050037795,0.500827143,0.286661429
2/1/2022,2.066666667,1.166666667,0.5,0.593645071,0.008935268,-0.051312939,0.557295714,0.289661429
3/1/2022,1.933333333,1.233333333,0.3,0.533916561,0.005386966,-0.052670319,0.618791429,0.319557143
4/1/2022,1.9,1.233333333,0.233333333,0.533916561,0.003433143,-0.045524761,0.691507143,0.328221429
5/1/2022,1.866666667,1.333333333,0.266666667,0.48675323,0.002318322,-0.045046082,0.767965714,0.332662857
6/1/2022,1.833333333,1.366666667,0.233333333,0.46726554,0.002337975,-0.044888641,0.833272857,0.367807143
7/1/2022,1.666666667,1.433333333,0.2,0.410837,0.000735725,-0.046362735,0.893465714,0.392638571
8/1/2022,1.433333333,1.433333333,0.1,0.365901703,-0.002640427,-0.045781806,0.968548571,0.411252857
9/1/2022,1.066666667,1.366666667,0.1,0.31151036,-0.004625574,-0.038448214,0.993487143,0.374695714
10/1/2022,0.733333333,1.333333333,0,0.223950517,-0.008271325,-0.030937161,0.965514286,0.274007143
11/1/2022,0.4,1.333333333,0,0.154414341,-0.013386359,-0.027610481,0.907265714,0.1393
12/1/2022,0.133333333,1.333333333,-0.033333333,0.098785401,-0.013469392,-0.024061855,0.831175714,-0.002097143
1/1/2023,4.44E-16,1.266666667,0.033333333,0.102586586,-0.011856862,-0.021967769,0.699464286,-0.194001429
2/1/2023,-0.033333333,1.266666667,0.033333333,0.087931359,-0.009754451,-0.017153619,0.612317143,-0.356231429
3/1/2023,-0.1,1.266666667,0.033333333,0.073276133,-0.008770215,-0.013907404,0.496072857,-0.497414286
4/1/2023,-0.133333333,1.2,0.033333333,0.061726724,-0.009854483,-0.013897554,0.393394286,-0.57212
5/1/2023,-0.166666667,1.2,0.033333333,0.038579203,-0.009387737,-0.009099136,0.309688571,-0.597577143
6/1/2023,-0.233333333,1.166666667,0,-0.001672263,-0.008023791,-0.003619667,0.24532,-0.585855714
7/1/2023,-0.333333333,1.133333333,-0.066666667,-0.050430235,-0.005165358,-0.001473762,0.17632,-0.523144286
8/1/2023,-0.333333333,1,-0.1,-0.073105858,-0.002753896,0.002066222,0.124485714,-0.487831429
9/1/2023,-0.4,0.866666667,-0.1,-0.09387355,-0.004132094,0.005434229,0.097064286,-0.399008571
10/1/2023,-0.466666667,0.633333333,-0.2,-0.17419864,-0.004318383,0.011658331,0.077588571,-0.315805714
11/1/2023,-0.466666667,0.633333333,-0.166666667,-0.17419864,-0.003606666,0.009684605,0.031741429,-0.277947143
12/1/2023,-0.466666667,0.6,-0.166666667,-0.193696892,-0.002356378,0.005440896,0.02154,-0.22378
1/1/2024,-0.433333333,0.666666667,0.033333333,-0.131560244,-0.00122969,0.006614709,0.019315714,-0.157004286
2/1/2024,-0.5,0.6,-0.033333333,-0.193696892,0.00036589,0.008014294,0.008497143,-0.115988571
3/1/2024,-0.533333333,0.466666667,-0.033333333,-0.204864833,0.000783872,0.006975006,-0.013171429,-0.110235714
4/1/2024,-0.633333333,0.4,-0.166666667,-0.239475064,9.04E-05,0.010630836,-0.034278571,-0.111867143
5/1/2024,-0.633333333,0.4,-0.1,-0.239475064,-0.002031406,0.01062388,-0.05089,-0.082631429
6/1/2024,-0.666666667,0.233333333,-0.133333333,-0.241830379,-0.002420842,0.010006412,-0.059027143,-0.080567143
7/1/2024,-0.7,0.133333333,-0.166666667,-0.266642019,-0.003554019,0.010151678,-0.050457143,-0.069772857
8/1/2024,-0.766666667,0.033333333,-0.266666667,-0.288055118,-0.004334636,0.008077899,-0.0555,-0.063997143
9/1/2024,-0.7,0.033333333,-0.2,-0.2711107,-0.004518082,0.008441048,-0.066395714,-0.053224286
10/1/2024,-0.533333333,-0.033333333,-0.066666667,-0.179722557,-0.003268383,0.013169761,-0.065678571,-0.0314
11/1/2024,-0.466666667,-0.033333333,0.033333333,-0.179722557,-0.001257909,0.016246282,-0.072035714,-0.021145714
12/1/2024,-0.366666667,-0.033333333,0.033333333,-0.179722557,0.000813967,0.016398957,-0.06989,-0.010862857
1/1/2025,-0.366666667,0,0.033333333,-0.15,0.001513367,0.017655793,-0.064111429,-0.013654286
2/1/2025,-0.266666667,0,0.033333333,-0.116666667,0.000459155,0.015632915,-0.059535714,-0.004035714
3/1/2025,-0.2,-0.033333333,0,-0.130555813,-0.00020552,0.014839802,-0.05039,0.016005714
4/1/2025,-0.1,-0.1,-0.1,-0.142506244,-0.000244437,0.014361314,-0.044405714,0.021272857
5/1/2025,-0.133333333,-0.133333333,-0.133333333,-0.155571987,0.001424403,0.015577352,-0.050345714,0.02169
6/1/2025,-0.033333333,-0.1,-0.066666667,-0.093338883,0.000397241,0.014415399,-0.050134286,0.019755714
7/1/2025,0,-0.133333333,-0.033333333,-0.077785994,-0.000117051,0.015064073,-0.054735714,0.009375714
8/1/2025,0.033333333,-0.133333333,0,-0.062228795,-0.001150973,0.014094403,-0.08023,-0.020694286
9/1/2025,-0.066666667,-0.233333333,-0.133333333,-0.103116975,-0.002564576,0.012966372,-0.107285714,-0.056895714
10/1/2025,-0.116666667,-0.25,-0.116666667,-0.109455875,-0.002525725,0.014328649,-0.126497143,-0.082091429
11/1/2025,-0.216666667,-0.35,-0.216666667,-0.144683847,-0.002131538,0.014920128,-0.128858571,-0.078512857
12/1/2025,-0.216666667,-0.35,-0.116666667,-0.144683847,-0.000848723,0.01529791,-0.12127,-0.071135714
1/1/2026,-0.2,-0.3,-0.05,-0.098945119,-0.000538416,0.016677372,-0.109742857,-0.055007143
2/1/2026,-0.166666667,-0.266666667,0.083333333,-0.068470629,0.001926884,0.015858544,-0.10985,-0.02962
3/1/2026,-0.1,-0.233333333,0.116666667,-0.0232778,0.005542007,0.014471027,-0.085004286,0.022281429
4/1/2026,-0.033333333,-0.233333333,0.066666667,0.006184193,0,0.012235366,-0.036382857,0.090114286
